brand,name,info,hieu_luc,gioi_han,chi_tieu_toi_thieu,doi_tuong_khach_hang,link,popup_content
agoda,Giảm 10% Mọi Chỗ Nghỉ,Tải ngay app & nhận voucher Agoda giảm 10% đơn đặt phòng,31 Tháng 12 2025,Áp dụng cho lần đầu đặt phòng trên App,Không yêu cầu đơn hàng tối thiểu,Tất cả khách hàng,"app.util.quickPopup('9ce3e5fb-fea0-4a7f-9e9c-8e5076c2a6f2','agoda');app.util.quickConversion('c', 'agoda');",9ce3e5fb-fea0-4a7f-9e9c-8e5076c2a6f2
agoda,Giảm 10% Trên App - iOS,Mã giảm giá Agoda 10% khi đặt khách sạn toàn cầu trên app,31 Tháng 12 2024,Chỉ áp dụng trên app cho thiết bị iOS,Không yêu cầu đơn hàng tối thiểu,Người dùng hiện tại,"app.util.quickPopup('0e1774e3-ef2f-4d3d-99e3-34851f1f2183','agoda');app.util.quickConversion('c', 'agoda');",9ce3e5fb-fea0-4a7f-9e9c-8e5076c2a6f2
agoda,Giảm 10% Khách Sạn Du Lịch,Mã giảm giá Agoda 10% khi đặt khách sạn du lịch chọn lọc trên app,31 Tháng 12 2024,"Nhập mã tại phần ""Ưu đãi"" trên app để thu thập",Không yêu cầu đơn hàng tối thiểu,Người dùng hiện tại,"app.util.quickPopup('ccded95c-e55f-44f0-9769-bb7bced194b4','agoda');app.util.quickConversion('c', 'agoda');",9ce3e5fb-fea0-4a7f-9e9c-8e5076c2a6f2
agoda,Giảm 5% Trên App,Mã khuyến mãi Agoda giảm 5% đặt chỗ nghỉ chọn lọc trên app,31 Tháng 12 2024,"Nhập mã tại phần ""Ưu đãi"" trên app để thu thập",Không yêu cầu đơn hàng tối thiểu,Người dùng hiện tại,"app.util.quickPopup('3e180c90-41f5-4570-aea2-8547a50c1e39','agoda');app.util.quickConversion('c', 'agoda');",9ce3e5fb-fea0-4a7f-9e9c-8e5076c2a6f2
agoda,Giảm 5% Chỗ Nghỉ Chọn Lọc,Mã giảm giá Agoda 5% đặt chỗ nghỉ du lịch chọn lọc,31 Tháng 12 2024,"Nhập mã tại phần ""Ưu đãi"" trên app để thu thập",Không yêu cầu đơn hàng tối thiểu,Tất cả khách hàng,"app.util.quickPopup('32ee2851-5e15-4afd-aed0-0921be00284d','agoda');app.util.quickConversion('c', 'agoda');",9ce3e5fb-fea0-4a7f-9e9c-8e5076c2a6f2
agoda,Giảm 5% Mọi Đơn Hàng,Mã giảm giá Agoda 5% tối đa 800K cho mọi đơn hàng,31 Tháng 12 2025,Tối đa 800K,Không yêu cầu đơn hàng tối thiểu,Người dùng hiện tại,"app.util.quickPopup('d3372acf-26f9-497f-80a8-2baca0b9c07c','agoda');app.util.quickConversion('c', 'agoda');",9ce3e5fb-fea0-4a7f-9e9c-8e5076c2a6f2
agoda,Giảm 20% - KBank,[KBank] Voucher Agoda giảm giá 20% đến 1 Triệu đặt khách sạn toàn cầu,30 Tháng 4 2025,Tối đa 1 Triệu,Không yêu cầu đơn hàng tối thiểu,Khách hàng thanh toán bằng thẻ tín dụng KBank Cashback Plus,"app.util.quickPopup('609a7a2d-2ec4-407e-acde-318711b27800','agoda');app.util.quickConversion('c', 'agoda');",9ce3e5fb-fea0-4a7f-9e9c-8e5076c2a6f2
agoda,Giảm 20% - VISA,[VISA] Voucher Agoda giảm 20% đến 900K mọi đơn đặt khách sạn,30 Tháng 9 2025,Tối đa 900K,Không yêu cầu đơn hàng tối thiểu,Khách hàng thanh toán bằng thẻ VISA,"app.util.quickPopup('44a629dd-b5f8-4651-bfb8-3f6ce0fb4e3b','agoda');app.util.quickConversion('c', 'agoda');",9ce3e5fb-fea0-4a7f-9e9c-8e5076c2a6f2
agoda,Giảm 15% - Techcombank,[Techcombank] Voucher Agoda giảm 15% tối đa 300K đặt phòng khách sạn,31 Tháng 1 2025,Tối đa 300K,Không yêu cầu đơn hàng tối thiểu,Khách hàng thanh toán bằng thẻ Techcombank,"app.util.quickPopup('5da48d95-6101-4888-9ffe-8590fc61cd45','agoda');app.util.quickConversion('c', 'agoda');",9ce3e5fb-fea0-4a7f-9e9c-8e5076c2a6f2
agoda,Giảm 12% - MasterCard,[MasterCard] Voucher Agoda giảm đến 12% tối đa 1.2 Triệu đặt khách sạn,31 Tháng 12 2025,Tối đa 1.2 Triệu,Không yêu cầu đơn hàng tối thiểu,Khách hàng thanh toán bằng thẻ MasterCard,"app.util.quickPopup('cc2d1730-da11-41d1-9b24-2604ce527105','agoda');app.util.quickConversion('c', 'agoda');",9ce3e5fb-fea0-4a7f-9e9c-8e5076c2a6f2
agoda,Giảm 15% Sale Giáng Sinh,[Sale Giáng Sinh] Voucher Agoda giảm giá 15% khách sạn toàn cầu,30 Tháng 12 2024,---,Không yêu cầu đơn hàng tối thiểu,Người dùng hiện tại,"app.util.quickPopup('4072759a-3458-4101-8175-37e39f1a9158','agoda');app.util.quickConversion('c', 'agoda');",9ce3e5fb-fea0-4a7f-9e9c-8e5076c2a6f2
agoda,Giảm 15% Sale Giữa Tháng,[Sale giữa tháng] Voucher Agoda giảm đến 15% cho khách sạn toàn thế giới,25 Tháng 12 2024,---,Không yêu cầu đơn hàng tối thiểu,Người dùng hiện tại,"app.util.quickPopup('fa04b879-b189-4cb1-b73e-f4e257ae1d7e','agoda');app.util.quickConversion('c', 'agoda');",9ce3e5fb-fea0-4a7f-9e9c-8e5076c2a6f2
agoda,Giảm 20% Đặt Khách Sạn Thứ 4,[Thứ 4] Voucher Agoda giảm đến 20% đặt khách sạn toàn thế giới,31 Tháng 12 2025,Khách sạn chọn lọc,Không yêu cầu đơn hàng tối thiểu,Người dùng hiện tại,"app.util.quickPopup('093a4c72-de52-4235-b1f5-81c3e06bcb9f','agoda');app.util.quickConversion('c', 'agoda');",9ce3e5fb-fea0-4a7f-9e9c-8e5076c2a6f2
agoda,Giảm 20% Khách Sạn Nội Địa,[UOB] Voucher Agoda giảm giá 20% tối đa 500K cho khách sạn nội địa,31 Tháng 12 2024,Tối đa 500K,Không yêu cầu đơn hàng tối thiểu,Khách hàng thanh toán bằng thẻ tín dụng UOB,"app.util.quickPopup('22d55c3c-1d69-4b20-a914-4dd5f68c1a85','agoda');app.util.quickConversion('c', 'agoda');",9ce3e5fb-fea0-4a7f-9e9c-8e5076c2a6f2
agoda,Giảm 20% Khách Sạn Nước Ngoài - UOB,[UOB] Voucher Agoda giảm 20% đến 1 Triệu đặt khách sạn nước ngoài,31 Tháng 12 2024,Tối đa 1 Triệu,Không yêu cầu đơn hàng tối thiểu,Khách hàng thanh toán bằng thẻ tín dụng UOB,"app.util.quickPopup('e6055a38-0afc-459e-9332-164723da1996','agoda');app.util.quickConversion('c', 'agoda');",9ce3e5fb-fea0-4a7f-9e9c-8e5076c2a6f2
agoda,Giảm 20% - ACB,[ACB] Voucher Agoda giảm giá 20% tối đa 900K đặt phòng khách sạn,31 Tháng 3 2025,Tối đa 900K,Không yêu cầu đơn hàng tối thiểu,"Khách hàng thanh toán bằng thẻ ACB Visa Infinite, Privilege Visa Signature, Visa Signature, hoặc Visa Platinum","app.util.quickPopup('35ed1ec3-f558-4456-81ef-d135194fb5af','agoda');app.util.quickConversion('c', 'agoda');",9ce3e5fb-fea0-4a7f-9e9c-8e5076c2a6f2
agoda,Giảm 1 Triệu - Shinhan Bank,[Shinhan] Nhận e-voucher Agoda 1 Triệu với mỗi 1 Triệu điểm thưởng S.Point,31 Tháng 12 2024,Áp dụng cho đặt phòng khách sạn thanh toán trả trước,Không yêu cầu đơn hàng tối thiểu,Khách hàng thanh toán bằng thẻ tín dụng Signature và Travel Platinum của Shinhan Bank,"app.util.quickPopup('38ac89bb-4889-445d-bf54-ad53e8761ff5','agoda');app.util.quickConversion('c', 'agoda');",9ce3e5fb-fea0-4a7f-9e9c-8e5076c2a6f2
agoda,Giảm 4% Vé Hong Kong Disneyland,[Sale Giáng Sinh] Agoda khuyến mãi giảm 4% vé công viên Hong Kong Disneyland,31 Tháng 12 2024,---,Không yêu cầu đơn hàng tối thiểu,Tất cả khách hàng,"app.util.quickPopup('e0d726fa-a167-4553-a7f8-347a90bffcb3','agoda');app.util.quickConversion('c', 'agoda');",9ce3e5fb-fea0-4a7f-9e9c-8e5076c2a6f2
agoda,Mua 1 Tặng 1 Workshop Nước Hoa Scentopia Sentosa,[Sale Giáng Sinh] Agoda ưu đãi mua 1 tặng 1 vé workshop nước hoa Scentopia Sentosa,31 Tháng 12 2024,---,Không yêu cầu đơn hàng tối thiểu,Tất cả khách hàng,"app.util.quickPopup('8f9592c2-67df-4146-9f05-973f422e9142','agoda');app.util.quickConversion('c', 'agoda');",9ce3e5fb-fea0-4a7f-9e9c-8e5076c2a6f2
agoda,Vé Disneyland Paris Từ 2.6 Triệu,[Sale Giáng Sinh] Ưu đãi Agoda giá từ 2.6 Triệu vé công viên Disneyland Paris,31 Tháng 12 2024,---,Không yêu cầu đơn hàng tối thiểu,Tất cả khách hàng,"app.util.quickPopup('caec6ef8-e42d-4a9f-a97b-ed4272670259','agoda');app.util.quickConversion('c', 'agoda');",9ce3e5fb-fea0-4a7f-9e9c-8e5076c2a6f2
agoda,Giảm 20% Chỗ Nghỉ Vũng Tàu,Agoda khuyến mãi giảm đến 20% đặt chỗ nghỉ hàng đầu tại Vũng Tàu,31 Tháng 12 2025,---,Không yêu cầu đơn hàng tối thiểu,Tất cả khách hàng,"app.util.quickPopup('1e4b4626-cf31-41cb-ab1b-f69183130b22','agoda');app.util.quickConversion('c', 'agoda');",9ce3e5fb-fea0-4a7f-9e9c-8e5076c2a6f2
agoda,Giảm 15% Khách Sạn Maldives,Ưu đãi Agoda giảm giá đến 15% đặt khách sạn du lịch Maldives,31 Tháng 3 2025,---,Không yêu cầu đơn hàng tối thiểu,Tất cả khách hàng,"app.util.quickPopup('cd1e55e6-da6d-4b39-8a65-e04795824f2a','agoda');app.util.quickConversion('c', 'agoda');",9ce3e5fb-fea0-4a7f-9e9c-8e5076c2a6f2
agoda,Giảm 35% Chỗ Nghỉ Jeju,Khuyến mãi Agoda giảm đến 35% đặt chỗ nghỉ du lịch Jeju,31 Tháng 1 2025,---,Không yêu cầu đơn hàng tối thiểu,Tất cả khách hàng,"app.util.quickPopup('d2a9970e-5ec4-4713-9e52-efb96f293892','agoda');app.util.quickConversion('c', 'agoda');",9ce3e5fb-fea0-4a7f-9e9c-8e5076c2a6f2
agoda,Giảm 25% Chỗ Nghỉ Hồng Kông,Chỗ nghỉ du lịch Hồng Kông: Agoda khuyến mãi giảm đến 25%,31 Tháng 3 2025,---,Không yêu cầu đơn hàng tối thiểu,Tất cả khách hàng,"app.util.quickPopup('74630d34-8322-4eaf-a647-7ab80f12a1c0','agoda');app.util.quickConversion('c', 'agoda');",9ce3e5fb-fea0-4a7f-9e9c-8e5076c2a6f2
agoda,Giảm 30% Khách Sạn Sầm Sơn,Khuyến mãi Agoda giảm đến 30% đặt khách sạn biển Sầm Sơn,31 Tháng 1 2025,---,Không yêu cầu đơn hàng tối thiểu,Tất cả khách hàng,"app.util.quickPopup('84fb13af-ecb3-4481-8992-7f4f8abea075','agoda');app.util.quickConversion('c', 'agoda');",9ce3e5fb-fea0-4a7f-9e9c-8e5076c2a6f2
agoda,Giảm 20% Khách Sạn Huế,Ưu đãi Agoda giảm đến 20% đặt phòng khách sạn tại Huế,31 Tháng 3 2025,---,Không yêu cầu đơn hàng tối thiểu,Tất cả khách hàng,"app.util.quickPopup('fa5e4c8c-ba02-418f-b1e5-17358cc20f58','agoda');app.util.quickConversion('c', 'agoda');",9ce3e5fb-fea0-4a7f-9e9c-8e5076c2a6f2
agoda,Chỗ Nghỉ Jakarta Từ 120K,Agoda khuyến mãi giá chỉ từ 120K đặt chỗ nghỉ du lịch Jakarta,31 Tháng 3 2025,---,Không yêu cầu đơn hàng tối thiểu,Tất cả khách hàng,"app.util.quickPopup('60f9c04f-ca9e-48ce-af68-85311533ff28','agoda');app.util.quickConversion('c', 'agoda');",9ce3e5fb-fea0-4a7f-9e9c-8e5076c2a6f2
agoda,Giảm 50% Khách Sạn Đạt Giải Gold Circle,Ưu đãi Agoda giảm đến 50% khách sạn đạt giải thưởng Gold Circle,31 Tháng 12 2024,---,Không yêu cầu đơn hàng tối thiểu,Tất cả khách hàng,"app.util.quickPopup('44ef79cf-0531-4b71-b42a-27fb8fd63146','agoda');app.util.quickConversion('c', 'agoda');",9ce3e5fb-fea0-4a7f-9e9c-8e5076c2a6f2
agoda,Vé Máy Bay Jeju Air Giá Rẻ,Agoda khuyến mãi vé máy bay Jeju Air phút chót giá cực rẻ!,22 Tháng 12 2024,---,Không yêu cầu đơn hàng tối thiểu,Tất cả khách hàng,"app.util.quickPopup('cf7fb48c-ffa8-4b6c-af69-57e78c00e7c0','agoda');app.util.quickConversion('c', 'agoda');",9ce3e5fb-fea0-4a7f-9e9c-8e5076c2a6f2
agoda,Khách Sạn Best Western Giá Rẻ,Ưu đãi Agoda giá rẻ đặt khách sạn & khu nghỉ dưỡng Best Western Thái Lan,26 Tháng 12 2024,---,Không yêu cầu đơn hàng tối thiểu,Tất cả khách hàng,"app.util.quickPopup('5a17acce-7f81-4b9f-a9e4-7330331a23ec','agoda');app.util.quickConversion('c', 'agoda');",9ce3e5fb-fea0-4a7f-9e9c-8e5076c2a6f2
agoda,Giảm 33% Chỗ Nghỉ Quảng Châu,Khuyến mãi Agoda giảm tới 33% đặt chỗ nghỉ du lịch Quảng Châu,31 Tháng 1 2025,---,Không yêu cầu đơn hàng tối thiểu,Tất cả khách hàng,"app.util.quickPopup('abed2504-7b41-4032-8ab5-17a911e47c0a','agoda');app.util.quickConversion('c', 'agoda');",9ce3e5fb-fea0-4a7f-9e9c-8e5076c2a6f2
agoda,Giảm 25% Khách Sạn Pattaya,Agoda khuyến mãi giảm đến 25% đặt khách sạn ở Pattaya,31 Tháng 1 2025,---,Không yêu cầu đơn hàng tối thiểu,Tất cả khách hàng,"app.util.quickPopup('94a15ab8-59f9-497a-88d3-1dd8bb880ec1','agoda');app.util.quickConversion('c', 'agoda');",9ce3e5fb-fea0-4a7f-9e9c-8e5076c2a6f2
agoda,Giảm 20% Chỗ Nghỉ Seoul,Ưu đãi Agoda giảm đến 20% đặt chỗ nghỉ khám phá Seoul,31 Tháng 12 2025,---,Không yêu cầu đơn hàng tối thiểu,Tất cả khách hàng,"app.util.quickPopup('caa2415b-f0ba-4090-85b5-87543017df46','agoda');app.util.quickConversion('c', 'agoda');",9ce3e5fb-fea0-4a7f-9e9c-8e5076c2a6f2
agoda,Khách Sạn Bắc Kinh Từ 570K,Khuyến mãi Agoda giá chỉ từ 570K đặt phòng khách sạn tại Bắc Kinh,31 Tháng 12 2025,---,Không yêu cầu đơn hàng tối thiểu,Tất cả khách hàng,"app.util.quickPopup('bb319968-f41f-4115-8c9c-16130ab96fd3','agoda');app.util.quickConversion('c', 'agoda');",9ce3e5fb-fea0-4a7f-9e9c-8e5076c2a6f2
agoda,Giảm 12% T'way Air,Ưu đãi Agoda giảm đến 12% đặt vé máy bay T'way Air sale cuối năm,31 Tháng 12 2024,---,Không yêu cầu đơn hàng tối thiểu,Tất cả khách hàng,"app.util.quickPopup('d55f21ba-9ea2-4b8a-80ba-f66046cd06f6','agoda');app.util.quickConversion('c', 'agoda');",9ce3e5fb-fea0-4a7f-9e9c-8e5076c2a6f2
agoda,Giảm 10% Khách Sạn Abu Dhabi,Agoda khuyến mãi giảm đến 10% đặt khách sạn hàng đầu Abu Dhabi,30 Tháng 4 2025,---,Không yêu cầu đơn hàng tối thiểu,Tất cả khách hàng,"app.util.quickPopup('37b6dd21-31f4-4374-824b-fb8f8f429bb0','agoda');app.util.quickConversion('c', 'agoda');",9ce3e5fb-fea0-4a7f-9e9c-8e5076c2a6f2
agoda,Giảm 20% Chỗ Nghỉ Đài Loan,Ưu đãi Agoda giảm đến 20% đặt chỗ nghỉ khám phá Đài Loan,31 Tháng 12 2025,---,Không yêu cầu đơn hàng tối thiểu,Tất cả khách hàng,"app.util.quickPopup('0a09b16c-7a3f-4728-aff4-546d84d6fbe6','agoda');app.util.quickConversion('c', 'agoda');",9ce3e5fb-fea0-4a7f-9e9c-8e5076c2a6f2
agoda,Giảm 15% Khách Sạn Macau,Agoda khuyến mãi giảm đến 15% đặt phòng khách sạn tại Macau,31 Tháng 1 2025,---,Không yêu cầu đơn hàng tối thiểu,Tất cả khách hàng,"app.util.quickPopup('d34e7375-e139-45a2-a476-08ef38538b26','agoda');app.util.quickConversion('c', 'agoda');",9ce3e5fb-fea0-4a7f-9e9c-8e5076c2a6f2
agoda,Giảm 25% Chỗ Nghỉ Cô Tô,Chỗ nghỉ tại Đảo Cô Tô: Agoda khuyến mãi giảm giá tới 25% đặt ngay,31 Tháng 12 2024,---,Không yêu cầu đơn hàng tối thiểu,Tất cả khách hàng,"app.util.quickPopup('6aaf6404-bff9-4048-8a9f-e63c99675692','agoda');app.util.quickConversion('c', 'agoda');",9ce3e5fb-fea0-4a7f-9e9c-8e5076c2a6f2
agoda,Giảm 30% Khách Sạn London,Agoda ưu đãi giảm đến 30% đặt khách sạn du lịch London,31 Tháng 12 2024,---,Không yêu cầu đơn hàng tối thiểu,Tất cả khách hàng,"app.util.quickPopup('63af1d06-a92b-47ff-bb62-e78dcb59b949','agoda');app.util.quickConversion('c', 'agoda');",9ce3e5fb-fea0-4a7f-9e9c-8e5076c2a6f2
agoda,Giảm 20% Chỗ Nghỉ Cửa Lò,Chỗ nghỉ bãi biển Cửa Lò: Agoda khuyến mãi giảm đến 20%,31 Tháng 12 2024,---,Không yêu cầu đơn hàng tối thiểu,Tất cả khách hàng,"app.util.quickPopup('be9b3803-c2cf-432b-afca-909aeb5210cc','agoda');app.util.quickConversion('c', 'agoda');",9ce3e5fb-fea0-4a7f-9e9c-8e5076c2a6f2
agoda,Chỗ Nghỉ Phan Thiết Từ 200K,Ưu đãi Agoda giá chỉ từ 200K đặt ngay chỗ nghỉ khám phá Phan Thiết,31 Tháng 12 2024,---,Không yêu cầu đơn hàng tối thiểu,Tất cả khách hàng,"app.util.quickPopup('09385f55-1969-48d5-8e51-8db81c250180','agoda');app.util.quickConversion('c', 'agoda');",9ce3e5fb-fea0-4a7f-9e9c-8e5076c2a6f2
agoda,Giảm 30% Khách Sạn Quy Nhơn,Khuyến mãi Agoda giảm giá đến 30% khách sạn tốt nhất Quy Nhơn,31 Tháng 12 2024,---,Không yêu cầu đơn hàng tối thiểu,Tất cả khách hàng,"app.util.quickPopup('c851978f-47d0-462c-ad83-dc0ef6d6d770','agoda');app.util.quickConversion('c', 'agoda');",9ce3e5fb-fea0-4a7f-9e9c-8e5076c2a6f2
agoda,Giảm 10% Khách Sạn Châu Âu,Ưu đãi Agoda giảm thêm 10% khi đặt khách sạn hàng đầu Châu Âu,31 Tháng 12 2024,---,Không yêu cầu đơn hàng tối thiểu,Tất cả khách hàng,"app.util.quickPopup('8ed2f2e9-4e06-4460-9c31-44f166d6c37f','agoda');app.util.quickConversion('c', 'agoda');",9ce3e5fb-fea0-4a7f-9e9c-8e5076c2a6f2
agoda,Giảm 20% Chỗ Nghỉ Vịnh Hạ Long,Khuyến mãi Agoda giảm đến 20% đặt chỗ nghỉ khám phá Vịnh Hạ Long,31 Tháng 12 2024,---,Không yêu cầu đơn hàng tối thiểu,Tất cả khách hàng,"app.util.quickPopup('2d1918a3-53f7-484a-a0c3-cb8284baac8f','agoda');app.util.quickConversion('c', 'agoda');",9ce3e5fb-fea0-4a7f-9e9c-8e5076c2a6f2
agoda,Giảm 5% Khách Sạn Biển Việt Nam,Agoda khuyến mãi giảm thêm đến 5% đặt khách sạn du lịch biển Việt Nam,22 Tháng 12 2024,---,Không yêu cầu đơn hàng tối thiểu,Tất cả khách hàng,"app.util.quickPopup('e952e05c-897f-427e-9e42-ff10cd506573','agoda');app.util.quickConversion('c', 'agoda');",9ce3e5fb-fea0-4a7f-9e9c-8e5076c2a6f2
agoda,Khách Sạn Sa Pa Từ 100K,Đặt khách sạn du lịch Sa Pa chỉ từ 100K với ưu đãi Agoda,31 Tháng 12 2024,---,Không yêu cầu đơn hàng tối thiểu,Tất cả khách hàng,"app.util.quickPopup('47079590-49ab-4745-8b04-e1320d221261','agoda');app.util.quickConversion('c', 'agoda');",9ce3e5fb-fea0-4a7f-9e9c-8e5076c2a6f2
agoda,Giảm 30% Chỗ Nghỉ Osaka,Agoda khuyến mãi giảm đến 30% đặt chỗ nghỉ tại Osaka,31 Tháng 12 2024,---,Không yêu cầu đơn hàng tối thiểu,Tất cả khách hàng,"app.util.quickPopup('b644f9c9-92b2-41fb-8e1c-0e8237671dd1','agoda');app.util.quickConversion('c', 'agoda');",9ce3e5fb-fea0-4a7f-9e9c-8e5076c2a6f2
agoda,Giảm 25% Khách Sạn Phú Quốc,Khách sạn tại Phú Quốc: Agoda ưu đãi giảm thêm tới 25%,31 Tháng 12 2024,---,Không yêu cầu đơn hàng tối thiểu,Tất cả khách hàng,"app.util.quickPopup('163ca04c-d322-4e8a-9219-18cb88e99c2a','agoda');app.util.quickConversion('c', 'agoda');",9ce3e5fb-fea0-4a7f-9e9c-8e5076c2a6f2
agoda,Giảm 15% Khách Sạn Paris,Khuyến mãi Agoda giảm đến 15% khi đặt phòng khách sạn Paris,31 Tháng 12 2024,---,Không yêu cầu đơn hàng tối thiểu,Tất cả khách hàng,"app.util.quickPopup('f8789d7f-d458-4af6-8b2c-48c82a129893','agoda');app.util.quickConversion('c', 'agoda');",9ce3e5fb-fea0-4a7f-9e9c-8e5076c2a6f2
agoda,Giảm 20% Chỗ Nghỉ Hội An,Ưu đãi Agoda giảm giá tới 20% đặt chỗ nghỉ khám phá Hội An,31 Tháng 12 2024,---,Không yêu cầu đơn hàng tối thiểu,Tất cả khách hàng,"app.util.quickPopup('1a4a2907-41d4-40a0-a403-b4512e6b06a6','agoda');app.util.quickConversion('c', 'agoda');",9ce3e5fb-fea0-4a7f-9e9c-8e5076c2a6f2
agoda,Giảm 15% Khách Sạn Boracay,Agoda khuyến mãi giảm đến 15% khách sạn nghỉ dưỡng ở Boracay,31 Tháng 12 2024,---,Không yêu cầu đơn hàng tối thiểu,Tất cả khách hàng,"app.util.quickPopup('499fc001-1c54-49bc-be7f-344beef1b231','agoda');app.util.quickConversion('c', 'agoda');",9ce3e5fb-fea0-4a7f-9e9c-8e5076c2a6f2
agoda,Giảm 20% Khách Sạn Thượng Hải,Khách sạn tại Thượng Hải: Agoda giảm giá tới 20% đặt phòng ngay,31 Tháng 12 2024,---,Không yêu cầu đơn hàng tối thiểu,Tất cả khách hàng,"app.util.quickPopup('77be9dcc-a8df-46b3-84c9-2e2017619aa1','agoda');app.util.quickConversion('c', 'agoda');",9ce3e5fb-fea0-4a7f-9e9c-8e5076c2a6f2
agoda,Giảm 15% Chỗ Nghỉ Kuala Lumpur,Agoda khuyến mãi giảm đến 15% đặt chỗ nghỉ khám phá Kuala Lumpur,31 Tháng 12 2024,---,Không yêu cầu đơn hàng tối thiểu,Tất cả khách hàng,"app.util.quickPopup('5b22ddab-65aa-4d41-b4ce-94686281bb67','agoda');app.util.quickConversion('c', 'agoda');",9ce3e5fb-fea0-4a7f-9e9c-8e5076c2a6f2
agoda,Giảm 25% Phuket,Ưu đãi Agoda giảm giá đến 25% đặt chỗ nghỉ ở Phuket,31 Tháng 12 2024,---,Không yêu cầu đơn hàng tối thiểu,Tất cả khách hàng,"app.util.quickPopup('72a87996-ac9a-43af-b5a6-dc12c5185566','agoda');app.util.quickConversion('c', 'agoda');",9ce3e5fb-fea0-4a7f-9e9c-8e5076c2a6f2
agoda,Giảm 15% Khách Sạn Bali,Khuyến mãi Agoda giảm tới 15% đặt khách sạn du lịch Bali,31 Tháng 12 2024,---,Không yêu cầu đơn hàng tối thiểu,Tất cả khách hàng,"app.util.quickPopup('50fd3f28-30e3-451f-b361-cd0167d41450','agoda');app.util.quickConversion('c', 'agoda');",9ce3e5fb-fea0-4a7f-9e9c-8e5076c2a6f2
agoda,Giảm 20% Chỗ Nghỉ Đà Nẵng,Chỗ nghỉ tại Đà Nẵng: Agoda khuyến mãi giảm giá đến 20%,31 Tháng 12 2024,---,Không yêu cầu đơn hàng tối thiểu,Tất cả khách hàng,"app.util.quickPopup('17c304f5-d95d-46c3-844d-5a531fbc567f','agoda');app.util.quickConversion('c', 'agoda');",9ce3e5fb-fea0-4a7f-9e9c-8e5076c2a6f2
agoda,Giảm 20% Khách Sạn Nhật Bản,Ưu đãi Agoda giảm đến 20% đặt phòng khách sạn ở Nhật Bản,31 Tháng 12 2024,---,Không yêu cầu đơn hàng tối thiểu,Tất cả khách hàng,"app.util.quickPopup('a8eeeb02-54d5-4319-9d88-7b95440f9f35','agoda');app.util.quickConversion('c', 'agoda');",9ce3e5fb-fea0-4a7f-9e9c-8e5076c2a6f2
agoda,Giảm 50% Khách Sạn & Vé Máy Bay EVA Air,Khuyến mãi Agoda giảm đến 50% đặt combo khách sạn & vé máy bay EVA Air,31 Tháng 10 2025,---,Không yêu cầu đơn hàng tối thiểu,Tất cả khách hàng,"app.util.quickPopup('1098642b-4e16-42ca-b2c5-89520195b39c','agoda');app.util.quickConversion('c', 'agoda');",9ce3e5fb-fea0-4a7f-9e9c-8e5076c2a6f2
agoda,Giảm 15% Air Macau,Ưu đãi Agoda giảm đến 15% khi đặt vé máy bay Air Macau,31 Tháng 1 2025,---,Không yêu cầu đơn hàng tối thiểu,Tất cả khách hàng,"app.util.quickPopup('3be9114b-13d9-47de-a688-ae9ed61be58d','agoda');app.util.quickConversion('c', 'agoda');",9ce3e5fb-fea0-4a7f-9e9c-8e5076c2a6f2
agoda,Giảm 25% Cuối Tuần,[Sale cuối tuần] Ưu đãi Agoda giảm giá tới 25% đặt khách sạn giá VIP,31 Tháng 12 2024,---,Không yêu cầu đơn hàng tối thiểu,Tất cả khách hàng,"app.util.quickPopup('6d21ee75-2551-4083-896c-249b2a07b7fa','agoda');app.util.quickConversion('c', 'agoda');",9ce3e5fb-fea0-4a7f-9e9c-8e5076c2a6f2
agoda,Giảm 20% Khách Sạn Hà Nội,Agoda khuyến mãi giảm giá tới 20% đặt khách sạn ở Hà Nội,31 Tháng 12 2024,---,Không yêu cầu đơn hàng tối thiểu,Tất cả khách hàng,"app.util.quickPopup('47e90179-48e6-4582-a233-92de5dd5d448','agoda');app.util.quickConversion('c', 'agoda');",9ce3e5fb-fea0-4a7f-9e9c-8e5076c2a6f2
agoda,Giảm 20% Chỗ Nghỉ Nha Trang,Ưu đãi Agoda giảm giá tới 20% cho chỗ nghỉ tại Nha Trang,31 Tháng 12 2024,---,Không yêu cầu đơn hàng tối thiểu,Tất cả khách hàng,"app.util.quickPopup('e5a63575-3c0b-4842-82b1-4e8c1c79e572','agoda');app.util.quickConversion('c', 'agoda');",9ce3e5fb-fea0-4a7f-9e9c-8e5076c2a6f2
agoda,Giảm 20% Khách Sạn Đà Lạt,Ưu đãi Agoda giảm đến 20% đặt khách sạn khám phá Đà Lạt,31 Tháng 12 2024,---,Không yêu cầu đơn hàng tối thiểu,Tất cả khách hàng,"app.util.quickPopup('6b06e022-b806-4b9c-a353-7467fa4531b4','agoda');app.util.quickConversion('c', 'agoda');",9ce3e5fb-fea0-4a7f-9e9c-8e5076c2a6f2
agoda,Giảm 20% Khách Sạn Hồ Chí Minh,Ưu đãi Agoda giảm giá tới 20% đặt khách sạn Hồ Chí Minh,31 Tháng 12 2024,---,Không yêu cầu đơn hàng tối thiểu,Tất cả khách hàng,"app.util.quickPopup('9bd2db8c-1c87-44bb-b577-2fcc140f232e','agoda');app.util.quickConversion('c', 'agoda');",9ce3e5fb-fea0-4a7f-9e9c-8e5076c2a6f2
agoda,Giảm 20% Khách Sạn Bangkok,Ưu đãi Agoda giảm giá tới 20% đặt khách sạn du lịch Bangkok,31 Tháng 12 2024,---,Không yêu cầu đơn hàng tối thiểu,Tất cả khách hàng,"app.util.quickPopup('09a86d3a-f1f4-42cc-965f-51213b781813','agoda');app.util.quickConversion('c', 'agoda');",9ce3e5fb-fea0-4a7f-9e9c-8e5076c2a6f2
agoda,Giảm 20% Khách Sạn Tokyo,Agoda khuyến mãi giảm đến 20% đặt khách sạn tại Tokyo,31 Tháng 12 2024,---,Không yêu cầu đơn hàng tối thiểu,Tất cả khách hàng,"app.util.quickPopup('06074ab9-c87c-424f-b374-99eb6ca18047','agoda');app.util.quickConversion('c', 'agoda');",9ce3e5fb-fea0-4a7f-9e9c-8e5076c2a6f2
agoda,Giảm 50% Khách Sạn Singapore,Agoda khuyến mãi giảm đến 50% khách sạn hàng đầu Singapore,31 Tháng 12 2024,Khách sạn chọn lọc,Không yêu cầu đơn hàng tối thiểu,Tất cả khách hàng,"app.util.quickPopup('5fa936a8-eefd-4cd7-b840-a0f89b5c9812','agoda');app.util.quickConversion('c', 'agoda');",9ce3e5fb-fea0-4a7f-9e9c-8e5076c2a6f2
agoda,Khách Sạn Hàng Đầu 2024 Giá Rẻ,Agoda khuyến mãi giá rẻ chỗ nghỉ đánh giá hàng đầu năm 2024,31 Tháng 12 2024,Khách sạn chọn lọc,Không yêu cầu đơn hàng tối thiểu,Tất cả khách hàng,"app.util.quickPopup('0b225b40-dfec-4f95-8803-8803c14fdc06','agoda');app.util.quickConversion('c', 'agoda');",9ce3e5fb-fea0-4a7f-9e9c-8e5076c2a6f2
agoda,Tiết Kiệm 10% Khách Sạn Cao Cấp,[Sale giao mùa] Ưu đãi Agoda tiết kiệm đến 10% đặt khách sạn cao cấp,31 Tháng 12 2024,---,Không yêu cầu đơn hàng tối thiểu,Tất cả khách hàng,"app.util.quickPopup('6f8f8152-d327-4832-993b-479626364d67','agoda');app.util.quickConversion('c', 'agoda');",9ce3e5fb-fea0-4a7f-9e9c-8e5076c2a6f2
agoda,Giảm 15% Shenzhen Airlines,Agoda ưu đãi giảm đến 15% vé máy bay Shenzhen Airlines đi Trung Quốc,31 Tháng 12 2024,---,Không yêu cầu đơn hàng tối thiểu,Tất cả khách hàng,"app.util.quickPopup('c99626c7-be84-40e2-b18c-5857c54f0962','agoda');app.util.quickConversion('c', 'agoda');",9ce3e5fb-fea0-4a7f-9e9c-8e5076c2a6f2
agoda,Khách Sạn CityHouse Giá Rẻ,Ưu đãi Agoda giá rẻ đặt phòng căn hộ dịch vụ & khách sạn CityHouse,25 Tháng 12 2024,Áp dụng tại Hồ Chí Minh,Không yêu cầu đơn hàng tối thiểu,Tất cả khách hàng,"app.util.quickPopup('22060fa3-bb4b-4f16-8152-105aa53adbc1','agoda');app.util.quickConversion('c', 'agoda');",9ce3e5fb-fea0-4a7f-9e9c-8e5076c2a6f2
agoda,Giảm 50% Air Macau,[Sale sinh nhật] Khuyến mãi Agoda giảm đến 50% đặt vé máy bay Air Macau,31 Tháng 12 2024,Áp dụng khi đặt từ 2 vé,Không yêu cầu đơn hàng tối thiểu,Tất cả khách hàng,"app.util.quickPopup('bbd6efa9-f603-4eac-9852-f12f81e19c8d','agoda');app.util.quickConversion('c', 'agoda');",9ce3e5fb-fea0-4a7f-9e9c-8e5076c2a6f2
agoda,Giảm 12% Philippine Airlines,Agoda khuyến mãi giảm đến 12% đặt vé máy bay Philippine Airlines,31 Tháng 12 2024,Áp dụng cho đường bay đi Philippines,Không yêu cầu đơn hàng tối thiểu,Tất cả khách hàng,"app.util.quickPopup('f62c6869-e444-4529-aa8b-6167d1533a91','agoda');app.util.quickConversion('c', 'agoda');",9ce3e5fb-fea0-4a7f-9e9c-8e5076c2a6f2
agoda,Giảm 18% Dùng Thử VIP Gold,Agoda giảm giá tới 18% dùng thử miễn phí VIP Gold trong 14 ngày,31 Tháng 12 2024,---,Không yêu cầu đơn hàng tối thiểu,Tất cả khách hàng,"app.util.quickPopup('a7457d11-04d1-4a3c-8906-98f60f5c7e21','agoda');app.util.quickConversion('c', 'agoda');",9ce3e5fb-fea0-4a7f-9e9c-8e5076c2a6f2
agoda,Giảm 25% Khách Sạn Nội Địa,Agoda ưu đãi đặc biệt giảm 25% khách sạn du lịch nội địa,31 Tháng 12 2025,---,Không yêu cầu đơn hàng tối thiểu,Tất cả khách hàng,"app.util.quickPopup('def5e2e1-d952-4d77-8473-feb5397d6da9','agoda');app.util.quickConversion('c', 'agoda');",9ce3e5fb-fea0-4a7f-9e9c-8e5076c2a6f2
agoda,Giảm 20% Đặt Phòng Lúc 20H,Agoda khuyến mãi giảm 20% đặt phòng lúc nửa đêm từ 8H tối,31 Tháng 12 2025,Áp dụng khi đặt phòng lúc 8H tối mỗi ngày,Không yêu cầu đơn hàng tối thiểu,Tất cả khách hàng,"app.util.quickPopup('b45fd822-dded-4cd2-85d3-f9b1f7687372','agoda');app.util.quickConversion('c', 'agoda');",9ce3e5fb-fea0-4a7f-9e9c-8e5076c2a6f2
agoda,Giảm 80% Khách Sạn Cao Cấp,Khuyến mãi Agoda giảm đến 80% khách sạn nghỉ dưỡng cao cấp toàn cầu,31 Tháng 12 2025,---,Không yêu cầu đơn hàng tối thiểu,Tất cả khách hàng,"app.util.quickPopup('0b3664e4-1ef0-4948-a09a-981e9ec8b9b4','agoda');app.util.quickConversion('c', 'agoda');",9ce3e5fb-fea0-4a7f-9e9c-8e5076c2a6f2
agoda,Giảm 60% Chỗ Nghỉ Từ 4 Sao,Khuyến mãi Agoda giảm đến 60% khách sạn & resort hàng đầu từ 4 sao,31 Tháng 12 2025,---,Không yêu cầu đơn hàng tối thiểu,Tất cả khách hàng,"app.util.quickPopup('488b9813-29fb-49d7-9296-025bc30cc3dd','agoda');app.util.quickConversion('c', 'agoda');",9ce3e5fb-fea0-4a7f-9e9c-8e5076c2a6f2
agoda,Giảm 25% Combo Khách Sạn & Vé Máy Bay,Agoda voucher tiết kiệm giảm đến 25% đặt combo khách sạn & vé máy bay,31 Tháng 12 2025,---,Không yêu cầu đơn hàng tối thiểu,Tất cả khách hàng,"app.util.quickPopup('28b33f7b-9394-4d47-8662-46549faa132f','agoda');app.util.quickConversion('c', 'agoda');",9ce3e5fb-fea0-4a7f-9e9c-8e5076c2a6f2
agoda,Tích Điểm PointsMAX,Khuyến mãi Agoda đổi điểm Points MAX tích lũy dặm bay,31 Tháng 12 2025,Tích lũy điểm thưởng/dặm bay sau khi kết thúc kỳ nghỉ,Không yêu cầu đơn hàng tối thiểu,Tất cả khách hàng,"app.util.quickPopup('c9708eb2-f370-4a8e-bd44-172a4a6bc98e','agoda');app.util.quickConversion('c', 'agoda');",9ce3e5fb-fea0-4a7f-9e9c-8e5076c2a6f2
agoda,eSIM Du Lịch Giá Rẻ,Khuyến mãi Agoda giá cực rẻ mua SIM du lịch nước ngoài,31 Tháng 12 2025,---,Không yêu cầu đơn hàng tối thiểu,Tất cả khách hàng,"app.util.quickPopup('8b27868a-5e5c-40bd-8275-c7212b98ef53','agoda');app.util.quickConversion('c', 'agoda');",9ce3e5fb-fea0-4a7f-9e9c-8e5076c2a6f2
agoda,Ưu Đãi Độc Quyền,Agoda ưu đãi độc quyền tại chỗ nghỉ có đánh giá vượt trội Preferred,31 Tháng 12 2025,---,Không yêu cầu đơn hàng tối thiểu,Tất cả khách hàng,"app.util.quickPopup('029f46fc-c3e1-4f3b-b21d-2224947ad62f','agoda');app.util.quickConversion('c', 'agoda');",9ce3e5fb-fea0-4a7f-9e9c-8e5076c2a6f2
agoda,Giảm 8% Đặt Phòng Lần 2,[Trên App] Coupon Agoda khuyến mãi giảm 8% khi đặt phòng nghỉ lần 2,31 Tháng 12 2025,Áp dụng cho lần đặt phòng thứ 2 trên app,Không yêu cầu đơn hàng tối thiểu,Người dùng hiện tại,"app.util.quickPopup('42aa9bf1-0e8e-4e79-865b-1d12d13481b7','agoda');app.util.quickConversion('c', 'agoda');",9ce3e5fb-fea0-4a7f-9e9c-8e5076c2a6f2
agoda,Hoàn Tiền 7%,Tiết kiệm lên đến 7% nhận thưởng hoàn tiền mặt cùng Agoda Cashback,31 Tháng 12 2025,---,Không yêu cầu đơn hàng tối thiểu,Tất cả khách hàng,"app.util.quickPopup('a70df62b-37e5-4f4b-ad92-30e8fa8babb7','agoda');app.util.quickConversion('c', 'agoda');",9ce3e5fb-fea0-4a7f-9e9c-8e5076c2a6f2
agoda,2x Tiền Agoda,Khuyến mãi Agoda nhận 2 lần tiền Agoda khi đặt khách sạn chọn lọc,31 Tháng 12 2025,---,Không yêu cầu đơn hàng tối thiểu,Tất cả khách hàng,"app.util.quickPopup('3a1b7532-dd7b-4034-b561-273e59f731ea','agoda');app.util.quickConversion('c', 'agoda');",9ce3e5fb-fea0-4a7f-9e9c-8e5076c2a6f2
agoda,Giảm 50% Khách Sạn Đạt Gold Circle,Ưu đãi Agoda giảm đến 50% khách sạn quốc tế đạt giải thưởng Gold Circle,31 Tháng 12 2024,Khách sạn chọn lọc,Không yêu cầu đơn hàng tối thiểu,Tất cả khách hàng,"app.util.quickPopup('e588a6c4-5d6f-4e9a-bcce-5dce8514f0e7','agoda');app.util.quickConversion('c', 'agoda');",9ce3e5fb-fea0-4a7f-9e9c-8e5076c2a6f2
agoda,Giảm 60% Chỗ Nghỉ Tốt Nhất,Ưu đãi Agoda độc quyền giảm tới 60% chỗ nghỉ toàn cầu tốt nhất,31 Tháng 12 2025,Khách sạn chọn lọc,Không yêu cầu đơn hàng tối thiểu,Tất cả khách hàng,"app.util.quickPopup('2e933458-21cb-405a-8473-104d8ccd2ed6','agoda');app.util.quickConversion('c', 'agoda');",9ce3e5fb-fea0-4a7f-9e9c-8e5076c2a6f2
agoda,Giảm 25% VIP Plantinum,Voucher Agoda giảm giá 25% chỗ nghỉ cho thành viên VIP Plantinum,31 Tháng 12 2025,Áp dụng khi hoàn thành 10 đơn đặt chỗ,Không yêu cầu đơn hàng tối thiểu,Khách hàng thành viên VIP Plantinum,"app.util.quickPopup('2b2566e3-c16f-4fc0-9cb9-feaa1fc85bd8','agoda');app.util.quickConversion('c', 'agoda');",9ce3e5fb-fea0-4a7f-9e9c-8e5076c2a6f2
agoda,Giảm 18% VIP Gold,Voucher Agoda giảm 18% đặt khách sạn cho thành viên VIP Gold,31 Tháng 12 2025,Áp dụng khi hoàn thành 5 đơn đặt chỗ,Không yêu cầu đơn hàng tối thiểu,Khách hàng là thành viên VIP Gold,"app.util.quickPopup('2e04febd-6a9e-4e9a-b867-07b8ba1ce523','agoda');app.util.quickConversion('c', 'agoda');",9ce3e5fb-fea0-4a7f-9e9c-8e5076c2a6f2
agoda,Giảm 12% VIP Silver,Voucher Agoda giảm 12% đặt chỗ nghỉ với thành viên VIP Silver,31 Tháng 12 2025,Áp dụng khi hoàn thành 2 đơn đặt chỗ,Không yêu cầu đơn hàng tối thiểu,Khách hàng là thành viên VIP Silver,"app.util.quickPopup('3efb19c0-cf2d-4bca-931a-4f0b7891c064','agoda');app.util.quickConversion('c', 'agoda');",9ce3e5fb-fea0-4a7f-9e9c-8e5076c2a6f2
agoda,Giảm 25% Đặt Phòng Buổi Trưa,[14H - 18H] Agoda ưu đãi giảm đến 25% đặt khách sạn vào buổi trưa,31 Tháng 12 2024,Áp dụng khi đặt khách sạn lúc 14H - 18H,Không yêu cầu đơn hàng tối thiểu,Tất cả khách hàng,"app.util.quickPopup('2026b1ea-1546-47fe-a5b9-814aa252701c','agoda');app.util.quickConversion('c', 'agoda');",9ce3e5fb-fea0-4a7f-9e9c-8e5076c2a6f2
agoda,Giảm 15% Khách Sạn Thái Lan,Agoda khuyến mãi giảm giá từ 15% đặt khách sạn du lịch Thái Lan,31 Tháng 12 2024,---,Không yêu cầu đơn hàng tối thiểu,Tất cả khách hàng,"app.util.quickPopup('c43c37ba-ad01-4269-8ffa-f1f58243bb30','agoda');app.util.quickConversion('c', 'agoda');",9ce3e5fb-fea0-4a7f-9e9c-8e5076c2a6f2
agoda,Giảm 20% Đặt 3 Đêm,Agoda khuyến mãi giảm tới 20% đặt khách sạn toàn cầu từ 3 đêm,31 Tháng 12 2024,Áp dụng khi đặt khách sạn từ 3 đêm,Không yêu cầu đơn hàng tối thiểu,Tất cả khách hàng,"app.util.quickPopup('f607a531-18e9-44f8-8108-70b23e85ed6d','agoda');app.util.quickConversion('c', 'agoda');",9ce3e5fb-fea0-4a7f-9e9c-8e5076c2a6f2
agoda,Giá Đặc Biệt Trong 2H,Coupon Agoda mở khóa giá đặc biệt trong 2H sau khi kích hoạt,31 Tháng 12 2024,"Kích hoạt trên app tại mục ""Phiếu giảm giá"" & áp dụng trong 2 tiếng",Không yêu cầu đơn hàng tối thiểu,Người dùng hiện tại,"app.util.quickPopup('f7357f47-2f76-4faa-afc6-6400cc1ff554','agoda');app.util.quickConversion('c', 'agoda');",9ce3e5fb-fea0-4a7f-9e9c-8e5076c2a6f2
agoda,Giảm 15% Hoạt Động Vui Chơi,Ưu đãi Agoda giảm tới 15% hoạt động vui chơi & du lịch toàn cầu,31 Tháng 12 2025,---,Không yêu cầu đơn hàng tối thiểu,Tất cả khách hàng,"app.util.quickPopup('a5232f1d-de1c-4c85-8b56-c4bea0138600','agoda');app.util.quickConversion('c', 'agoda');",9ce3e5fb-fea0-4a7f-9e9c-8e5076c2a6f2
agoda,Giảm 20% Đặt Phòng Sớm,Agoda khuyến mãi giảm đến 20% đặt phòng tối thiểu trước 14 ngày,31 Tháng 12 2024,Áp dụng khi đặt phòng trước tối thiểu 14 ngày,Không yêu cầu đơn hàng tối thiểu,Tất cả khách hàng,"app.util.quickPopup('2cf77e48-cfd5-4d92-9e8d-5a2ee34e4cd8','agoda');app.util.quickConversion('c', 'agoda');",9ce3e5fb-fea0-4a7f-9e9c-8e5076c2a6f2
agoda,Giảm 8% Vé Máy Bay - Khách Mới,[Khách mới] Coupon Agoda giảm giá tới 8% lần đầu đặt vé máy bay,31 Tháng 12 2024,"Kích hoạt trên app tại mục ""Phiếu Giảm Giá & Ưu Đãi""",Không yêu cầu đơn hàng tối thiểu,Khách hàng lần đầu đặt vé máy bay,"app.util.quickPopup('690bdd41-83ee-4087-a815-abca12d9e40b','agoda');app.util.quickConversion('c', 'agoda');",9ce3e5fb-fea0-4a7f-9e9c-8e5076c2a6f2
agoda,Giảm 30% Đặt Chỗ Nửa Đêm,[0H - 3H] Ưu đãi Agoda giảm đến 30% khi đặt chỗ nghỉ lúc nửa đêm,31 Tháng 12 2024,Khách sạn chọn lọc,Không yêu cầu đơn hàng tối thiểu,Tất cả khách hàng,"app.util.quickPopup('f121d95e-09a1-4cd0-abaf-6cc63bfe072c','agoda');app.util.quickConversion('c', 'agoda');",9ce3e5fb-fea0-4a7f-9e9c-8e5076c2a6f2
agoda,Giảm 5% Vé Máy Bay,[Trên App] Voucher Agoda giảm tới 5% đặt vé máy bay flash sale mỗi ngày,31 Tháng 12 2025,"Kích hoạt trên app tại mục ""Phiếu Giảm Giá & Ưu Đãi""",Không yêu cầu đơn hàng tối thiểu,Người dùng hiện tại,"app.util.quickPopup('7947e231-886d-46fe-9834-a6f4d3b26aef','agoda');app.util.quickConversion('c', 'agoda');",9ce3e5fb-fea0-4a7f-9e9c-8e5076c2a6f2
agoda,Giảm 15% EVA Air,Agoda khuyến mãi giảm giá đến 15% đặt vé máy bay EVA Air,31 Tháng 12 2024,"Áp dụng cho đường bay đi Đài Loan, Nhật Bản, Hàn Quốc, Úc & Châu Âu",Không yêu cầu đơn hàng tối thiểu,Tất cả khách hàng,"app.util.quickPopup('6b0be370-bd8e-4cf2-93fe-7a31075ec4e1','agoda');app.util.quickConversion('c', 'agoda');",9ce3e5fb-fea0-4a7f-9e9c-8e5076c2a6f2
agoda,Giảm 8% Mọi Khách Sạn,Mã khuyến mãi Agoda 8% lên đến 1 Triệu đơn hàng từ 2.8 Triệu,31 Tháng 12 2025,Tối đa 1 Triệu,2.8 Triệu,Người dùng hiện tại,"app.util.quickPopup('a8bb149e-fc17-4d53-b355-5bb2399d0b9b','agoda');app.util.quickConversion('c', 'agoda');",9ce3e5fb-fea0-4a7f-9e9c-8e5076c2a6f2
agoda,Giảm 8% Dùng Ngay,[Trên App] Mã giảm giá Agoda lên đến 8% đặt phòng từ 3 Triệu,31 Tháng 12 2024,"Nhập mã tại phần ""Ưu đãi"" trên app để thu thập",3 Triệu,Tất cả khách hàng,"app.util.quickPopup('0d87a77c-d56e-4c77-a4e3-95ff0af9950f','agoda');app.util.quickConversion('c', 'agoda');",9ce3e5fb-fea0-4a7f-9e9c-8e5076c2a6f2
agoda,Giảm 30% Khách Sạn Quốc Tế,Ưu đãi Agoda giảm giá tới 30% đặt khách sạn quốc tế toàn cầu,31 Tháng 12 2024,Áp dụng cho khách sạn quốc tế,Không yêu cầu đơn hàng tối thiểu,Tất cả khách hàng,"app.util.quickPopup('78ba38d2-7e35-4cc8-bad1-a9936f2e02b6','agoda');app.util.quickConversion('c', 'agoda');",9ce3e5fb-fea0-4a7f-9e9c-8e5076c2a6f2
