brand,name,info,hieu_luc,gioi_han,chi_tieu_toi_thieu,doi_tuong_khach_hang
agoda,Giảm 10% Mọi Chỗ Nghỉ,Tải ngay app & nhận voucher Agoda giảm 10% đơn đặt phòng,31 Tháng 12 2025,Áp dụng cho lần đầu đặt phòng trên App,Không yêu cầu đơn hàng tối thiểu,Tất cả khách hàng
agoda,Giảm 10% Trên App - iOS,Mã giảm giá Agoda 10% khi đặt khách sạn toàn cầu trên app,31 Tháng 12 2024,Chỉ áp dụng trên app cho thiết bị iOS,Không yêu cầu đơn hàng tối thiểu,Người dùng hiện tại
agoda,Giảm 10% Khách Sạn Du Lịch,Mã giảm giá Agoda 10% khi đặt khách sạn du lịch chọn lọc trên app,31 Tháng 12 2024,"Nhập mã tại phần ""Ưu đãi"" trên app để thu thập",Không yêu cầu đơn hàng tối thiểu,Người dùng hiện tại
agoda,Giảm 5% Trên App,Mã khuyến mãi Agoda giảm 5% đặt chỗ nghỉ chọn lọc trên app,31 Tháng 12 2024,"Nhập mã tại phần ""Ưu đãi"" trên app để thu thập",Không yêu cầu đơn hàng tối thiểu,Người dùng hiện tại
agoda,Giảm 5% Chỗ Nghỉ Chọn Lọc,Mã giảm giá Agoda 5% đặt chỗ nghỉ du lịch chọn lọc,31 Tháng 12 2024,"Nhập mã tại phần ""Ưu đãi"" trên app để thu thập",Không yêu cầu đơn hàng tối thiểu,Tất cả khách hàng
agoda,Giảm 5% Mọi Đơn Hàng,Mã giảm giá Agoda 5% tối đa 800K cho mọi đơn hàng,31 Tháng 12 2025,Tối đa 800K,Không yêu cầu đơn hàng tối thiểu,Người dùng hiện tại
agoda,Giảm 20% - KBank,[KBank] Voucher Agoda giảm giá 20% đến 1 Triệu đặt khách sạn toàn cầu,30 Tháng 4 2025,Tối đa 1 Triệu,Không yêu cầu đơn hàng tối thiểu,Khách hàng thanh toán bằng thẻ tín dụng KBank Cashback Plus
agoda,Giảm 20% - VISA,[VISA] Voucher Agoda giảm 20% đến 900K mọi đơn đặt khách sạn,30 Tháng 9 2025,Tối đa 900K,Không yêu cầu đơn hàng tối thiểu,Khách hàng thanh toán bằng thẻ VISA
agoda,Giảm 15% - Techcombank,[Techcombank] Voucher Agoda giảm 15% tối đa 300K đặt phòng khách sạn,31 Tháng 1 2025,Tối đa 300K,Không yêu cầu đơn hàng tối thiểu,Khách hàng thanh toán bằng thẻ Techcombank
agoda,Giảm 12% - MasterCard,[MasterCard] Voucher Agoda giảm đến 12% tối đa 1.2 Triệu đặt khách sạn,31 Tháng 12 2025,Tối đa 1.2 Triệu,Không yêu cầu đơn hàng tối thiểu,Khách hàng thanh toán bằng thẻ MasterCard
agoda,Giảm 15% Sale Giữa Tháng,[Sale giữa tháng] Voucher Agoda giảm tới 15% khách sạn toàn thế giới,25 Tháng 11 2024,---,Không yêu cầu đơn hàng tối thiểu,Người dùng hiện tại
agoda,Giảm 20% Black Friday,[Black Friday] Voucher Agoda giảm tới 20% đặt khách sạn toàn cầu,25 Tháng 11 2024,---,Không yêu cầu đơn hàng tối thiểu,Người dùng hiện tại
agoda,Giảm 20% Đặt Khách Sạn Thứ 4,[Thứ 4] Voucher Agoda giảm đến 20% đặt khách sạn toàn thế giới,31 Tháng 12 2025,Khách sạn chọn lọc,Không yêu cầu đơn hàng tối thiểu,Người dùng hiện tại
agoda,Giảm 20% Khách Sạn Nội Địa,[UOB] Voucher Agoda giảm giá 20% tối đa 500K cho khách sạn nội địa,31 Tháng 12 2024,Tối đa 500K,Không yêu cầu đơn hàng tối thiểu,Khách hàng thanh toán bằng thẻ tín dụng UOB
agoda,Giảm 20% Khách Sạn Nước Ngoài - UOB,[UOB] Voucher Agoda giảm 20% đến 1 Triệu đặt khách sạn nước ngoài,31 Tháng 12 2024,Tối đa 1 Triệu,Không yêu cầu đơn hàng tối thiểu,Khách hàng thanh toán bằng thẻ tín dụng UOB
agoda,Giảm 20% - ACB,[ACB] Voucher Agoda giảm giá 20% tối đa 900K đặt phòng khách sạn,31 Tháng 3 2025,Tối đa 900K,Không yêu cầu đơn hàng tối thiểu,"Khách hàng thanh toán bằng thẻ ACB Visa Infinite, Privilege Visa Signature, Visa Signature, hoặc Visa Platinum"
agoda,Giảm 1 Triệu - Shinhan Bank,[Shinhan] Nhận e-voucher Agoda 1 Triệu với mỗi 1 Triệu điểm thưởng S.Point,31 Tháng 12 2024,Áp dụng cho đặt phòng khách sạn thanh toán trả trước,Không yêu cầu đơn hàng tối thiểu,Khách hàng thanh toán bằng thẻ tín dụng Signature và Travel Platinum của Shinhan Bank
agoda,Giảm 20% Khách Sạn Thượng Hải,Khách sạn tại Thượng Hải: Agoda giảm giá tới 20% đặt phòng ngay,31 Tháng 12 2024,---,Không yêu cầu đơn hàng tối thiểu,Tất cả khách hàng
agoda,Giảm 15% Chỗ Nghỉ Kuala Lumpur,Agoda khuyến mãi giảm đến 15% đặt chỗ nghỉ khám phá Kuala Lumpur,31 Tháng 12 2024,---,Không yêu cầu đơn hàng tối thiểu,Tất cả khách hàng
agoda,Giảm 20% China Airlines,Ưu đãi Agoda giảm đến 20% khi đặt vé máy bay China Airlines,26 Tháng 11 2024,---,Không yêu cầu đơn hàng tối thiểu,Tất cả khách hàng
agoda,Giảm 25% Phuket,Ưu đãi Agoda giảm giá đến 25% đặt chỗ nghỉ ở Phuket,31 Tháng 12 2024,---,Không yêu cầu đơn hàng tối thiểu,Tất cả khách hàng
agoda,Giảm 15% Khách Sạn Bali,Khuyến mãi Agoda giảm tới 15% đặt khách sạn du lịch Bali,31 Tháng 12 2024,---,Không yêu cầu đơn hàng tối thiểu,Tất cả khách hàng
agoda,Giảm 20% Chỗ Nghỉ Đà Nẵng,Chỗ nghỉ tại Đà Nẵng: Agoda khuyến mãi giảm giá đến 20%,31 Tháng 12 2024,---,Không yêu cầu đơn hàng tối thiểu,Tất cả khách hàng
agoda,Giảm 20% Khách Sạn Nhật Bản,Ưu đãi Agoda giảm đến 20% đặt phòng khách sạn ở Nhật Bản,31 Tháng 12 2024,---,Không yêu cầu đơn hàng tối thiểu,Tất cả khách hàng
agoda,Giảm 16% Chỗ Nghỉ Philippines,Agoda khuyến mãi giảm đến 16% đặt chỗ nghỉ du lịch ở Philippines,15 Tháng 12 2024,---,Không yêu cầu đơn hàng tối thiểu,Tất cả khách hàng
agoda,Giảm 50% Khách Sạn & Vé Máy Bay EVA Air,Khuyến mãi Agoda giảm đến 50% đặt combo khách sạn & vé máy bay EVA Air,31 Tháng 10 2025,---,Không yêu cầu đơn hàng tối thiểu,Tất cả khách hàng
agoda,Giảm 15% Air Macau,Ưu đãi Agoda giảm đến 15% khi đặt vé máy bay Air Macau,31 Tháng 1 2025,---,Không yêu cầu đơn hàng tối thiểu,Tất cả khách hàng
agoda,Giảm 20% Khách Sạn Seoul,Ưu đãi Agoda giảm giá tới 20% đặt khách sạn du lịch Seoul,30 Tháng 11 2024,---,Không yêu cầu đơn hàng tối thiểu,Tất cả khách hàng
agoda,Giảm 20% Chỗ Nghỉ Singapore,Chỗ nghỉ ở Singapore: Agoda khuyến mãi giảm đến 20% đặt ngay,30 Tháng 11 2024,---,Không yêu cầu đơn hàng tối thiểu,Tất cả khách hàng
agoda,Giảm 25% Cuối Tuần,[Sale cuối tuần] Ưu đãi Agoda giảm giá tới 25% đặt khách sạn giá VIP,31 Tháng 12 2024,---,Không yêu cầu đơn hàng tối thiểu,Tất cả khách hàng
agoda,Giảm 75% Khách Sạn Mường Thanh,Ưu đãi Agoda giảm đến 75% khi đặt phòng chuỗi khách sạn Mường Thanh,08 Tháng 12 2024,---,Không yêu cầu đơn hàng tối thiểu,Tất cả khách hàng
agoda,Giảm 23% Khách Sạn Hồng Kông,Ưu đãi Agoda giảm tới 23% khi đặt khách sạn tại Hồng Kông,30 Tháng 11 2024,---,Không yêu cầu đơn hàng tối thiểu,Tất cả khách hàng
agoda,Giảm 20% Khách Sạn Hà Nội,Agoda khuyến mãi giảm giá tới 20% đặt khách sạn ở Hà Nội,31 Tháng 12 2024,---,Không yêu cầu đơn hàng tối thiểu,Tất cả khách hàng
agoda,Giảm 20% Chỗ Nghỉ Nha Trang,Ưu đãi Agoda giảm giá tới 20% cho chỗ nghỉ tại Nha Trang,31 Tháng 12 2024,---,Không yêu cầu đơn hàng tối thiểu,Tất cả khách hàng
agoda,Giảm 20% Khách Sạn Đà Lạt,Ưu đãi Agoda giảm đến 20% đặt khách sạn khám phá Đà Lạt,31 Tháng 12 2024,---,Không yêu cầu đơn hàng tối thiểu,Tất cả khách hàng
agoda,Giảm 20% Khách Sạn Hồ Chí Minh,Ưu đãi Agoda giảm giá tới 20% đặt khách sạn Hồ Chí Minh,31 Tháng 12 2024,---,Không yêu cầu đơn hàng tối thiểu,Tất cả khách hàng
agoda,Giảm 20% Khách Sạn Bangkok,Ưu đãi Agoda giảm giá tới 20% đặt khách sạn du lịch Bangkok,31 Tháng 12 2024,---,Không yêu cầu đơn hàng tối thiểu,Tất cả khách hàng
agoda,Giảm 20% Khách Sạn Tokyo,Agoda khuyến mãi giảm đến 20% đặt khách sạn tại Tokyo,31 Tháng 12 2024,---,Không yêu cầu đơn hàng tối thiểu,Tất cả khách hàng
agoda,Giảm 50% Khách Sạn Singapore,Agoda khuyến mãi giảm đến 50% khách sạn hàng đầu Singapore,31 Tháng 12 2024,Khách sạn chọn lọc,Không yêu cầu đơn hàng tối thiểu,Tất cả khách hàng
agoda,Khách Sạn Hàng Đầu 2024 Giá Rẻ,Agoda khuyến mãi giá rẻ chỗ nghỉ đánh giá hàng đầu năm 2024,31 Tháng 12 2024,Khách sạn chọn lọc,Không yêu cầu đơn hàng tối thiểu,Tất cả khách hàng
agoda,Tiết Kiệm 10% Khách Sạn Cao Cấp,[Sale giao mùa] Ưu đãi Agoda tiết kiệm đến 10% đặt khách sạn cao cấp,31 Tháng 12 2024,---,Không yêu cầu đơn hàng tối thiểu,Tất cả khách hàng
agoda,Giảm 15% Shenzhen Airlines,Agoda ưu đãi giảm đến 15% vé máy bay Shenzhen Airlines đi Trung Quốc,31 Tháng 12 2024,---,Không yêu cầu đơn hàng tối thiểu,Tất cả khách hàng
agoda,Giảm 5% Chỗ Nghỉ Châu Dại Dương,Ưu đãi Agoda giảm giá thêm 5% đặt khách sạn tại Châu Đại Dương,30 Tháng 11 2024,---,Không yêu cầu đơn hàng tối thiểu,Tất cả khách hàng
agoda,Khách Sạn CityHouse Giá Rẻ,Ưu đãi Agoda giá rẻ đặt phòng căn hộ dịch vụ & khách sạn CityHouse,25 Tháng 12 2024,Áp dụng tại Hồ Chí Minh,Không yêu cầu đơn hàng tối thiểu,Tất cả khách hàng
agoda,Giảm 50% Air Macau,[Sale sinh nhật] Khuyến mãi Agoda giảm đến 50% đặt vé máy bay Air Macau,31 Tháng 12 2024,Áp dụng khi đặt từ 2 vé,Không yêu cầu đơn hàng tối thiểu,Tất cả khách hàng
agoda,Giảm 12% Philippine Airlines,Agoda khuyến mãi giảm đến 12% đặt vé máy bay Philippine Airlines,31 Tháng 12 2024,Áp dụng cho đường bay đi Philippines,Không yêu cầu đơn hàng tối thiểu,Tất cả khách hàng
agoda,Giảm 18% Dùng Thử VIP Gold,Agoda giảm giá tới 18% dùng thử miễn phí VIP Gold trong 14 ngày,31 Tháng 12 2024,---,Không yêu cầu đơn hàng tối thiểu,Tất cả khách hàng
agoda,Giảm 25% Khách Sạn Nội Địa,Agoda ưu đãi đặc biệt giảm 25% khách sạn du lịch nội địa,31 Tháng 12 2025,---,Không yêu cầu đơn hàng tối thiểu,Tất cả khách hàng
agoda,Giảm 20% Đặt Phòng Lúc 20H,Agoda khuyến mãi giảm 20% đặt phòng lúc nửa đêm từ 8H tối,31 Tháng 12 2025,Áp dụng khi đặt phòng lúc 8H tối mỗi ngày,Không yêu cầu đơn hàng tối thiểu,Tất cả khách hàng
agoda,Giảm 80% Khách Sạn Cao Cấp,Khuyến mãi Agoda giảm đến 80% khách sạn nghỉ dưỡng cao cấp toàn cầu,31 Tháng 12 2025,---,Không yêu cầu đơn hàng tối thiểu,Tất cả khách hàng
agoda,Giảm 60% Chỗ Nghỉ Từ 4 Sao,Khuyến mãi Agoda giảm đến 60% khách sạn & resort hàng đầu từ 4 sao,31 Tháng 12 2025,---,Không yêu cầu đơn hàng tối thiểu,Tất cả khách hàng
agoda,Giảm 25% Combo Khách Sạn & Vé Máy Bay,Agoda voucher tiết kiệm giảm đến 25% đặt combo khách sạn & vé máy bay,31 Tháng 12 2025,---,Không yêu cầu đơn hàng tối thiểu,Tất cả khách hàng
agoda,Tích Điểm PointsMAX,Khuyến mãi Agoda đổi điểm Points MAX tích lũy dặm bay,31 Tháng 12 2025,Tích lũy điểm thưởng/dặm bay sau khi kết thúc kỳ nghỉ,Không yêu cầu đơn hàng tối thiểu,Tất cả khách hàng
agoda,eSIM Du Lịch Giá Rẻ,Khuyến mãi Agoda giá cực rẻ mua SIM du lịch nước ngoài,31 Tháng 12 2025,---,Không yêu cầu đơn hàng tối thiểu,Tất cả khách hàng
agoda,Ưu Đãi Độc Quyền,Agoda ưu đãi độc quyền tại chỗ nghỉ có đánh giá vượt trội Preferred,31 Tháng 12 2025,---,Không yêu cầu đơn hàng tối thiểu,Tất cả khách hàng
agoda,Giảm 8% Đặt Phòng Lần 2,[Trên App] Coupon Agoda khuyến mãi giảm 8% khi đặt phòng nghỉ lần 2,31 Tháng 12 2025,Áp dụng cho lần đặt phòng thứ 2 trên app,Không yêu cầu đơn hàng tối thiểu,Người dùng hiện tại
agoda,Hoàn Tiền 7%,Tiết kiệm lên đến 7% nhận thưởng hoàn tiền mặt cùng Agoda Cashback,31 Tháng 12 2025,---,Không yêu cầu đơn hàng tối thiểu,Tất cả khách hàng
agoda,2x Tiền Agoda,Khuyến mãi Agoda nhận 2 lần tiền Agoda khi đặt khách sạn chọn lọc,31 Tháng 12 2025,---,Không yêu cầu đơn hàng tối thiểu,Tất cả khách hàng
agoda,Giảm 50% Khách Sạn Đạt Gold Circle,Ưu đãi Agoda giảm đến 50% khách sạn quốc tế đạt giải thưởng Gold Circle,31 Tháng 12 2024,Khách sạn chọn lọc,Không yêu cầu đơn hàng tối thiểu,Tất cả khách hàng
agoda,Giảm 60% Chỗ Nghỉ Tốt Nhất,Ưu đãi Agoda độc quyền giảm tới 60% chỗ nghỉ toàn cầu tốt nhất,31 Tháng 12 2025,Khách sạn chọn lọc,Không yêu cầu đơn hàng tối thiểu,Tất cả khách hàng
agoda,Giảm 25% VIP Plantinum,Voucher Agoda giảm giá 25% chỗ nghỉ cho thành viên VIP Plantinum,31 Tháng 12 2025,Áp dụng khi hoàn thành 10 đơn đặt chỗ,Không yêu cầu đơn hàng tối thiểu,Khách hàng thành viên VIP Plantinum
agoda,Giảm 18% VIP Gold,Voucher Agoda giảm 18% đặt khách sạn cho thành viên VIP Gold,31 Tháng 12 2025,Áp dụng khi hoàn thành 5 đơn đặt chỗ,Không yêu cầu đơn hàng tối thiểu,Khách hàng là thành viên VIP Gold
agoda,Giảm 12% VIP Silver,Voucher Agoda giảm 12% đặt chỗ nghỉ với thành viên VIP Silver,31 Tháng 12 2025,Áp dụng khi hoàn thành 2 đơn đặt chỗ,Không yêu cầu đơn hàng tối thiểu,Khách hàng là thành viên VIP Silver
agoda,Giảm 25% Đặt Phòng Buổi Trưa,[14H - 18H] Agoda ưu đãi giảm đến 25% đặt khách sạn vào buổi trưa,31 Tháng 12 2024,Áp dụng khi đặt khách sạn lúc 14H - 18H,Không yêu cầu đơn hàng tối thiểu,Tất cả khách hàng
agoda,Giảm 15% Khách Sạn Thái Lan,Agoda khuyến mãi giảm giá từ 15% đặt khách sạn du lịch Thái Lan,31 Tháng 12 2024,---,Không yêu cầu đơn hàng tối thiểu,Tất cả khách hàng
agoda,Giảm 20% Đặt 3 Đêm,Agoda khuyến mãi giảm tới 20% đặt khách sạn toàn cầu từ 3 đêm,31 Tháng 12 2024,Áp dụng khi đặt khách sạn từ 3 đêm,Không yêu cầu đơn hàng tối thiểu,Tất cả khách hàng
agoda,Giá Đặc Biệt Trong 2H,Coupon Agoda mở khóa giá đặc biệt trong 2H sau khi kích hoạt,31 Tháng 12 2024,"Kích hoạt trên app tại mục ""Phiếu giảm giá"" & áp dụng trong 2 tiếng",Không yêu cầu đơn hàng tối thiểu,Người dùng hiện tại
agoda,Giảm 15% Hoạt Động Vui Chơi,Ưu đãi Agoda giảm tới 15% hoạt động vui chơi & du lịch toàn cầu,31 Tháng 12 2025,---,Không yêu cầu đơn hàng tối thiểu,Tất cả khách hàng
agoda,Giảm 20% Đặt Phòng Sớm,Agoda khuyến mãi giảm đến 20% đặt phòng tối thiểu trước 14 ngày,31 Tháng 12 2024,Áp dụng khi đặt phòng trước tối thiểu 14 ngày,Không yêu cầu đơn hàng tối thiểu,Tất cả khách hàng
agoda,Giảm 8% Vé Máy Bay - Khách Mới,[Khách mới] Coupon Agoda giảm giá tới 8% lần đầu đặt vé máy bay,31 Tháng 12 2024,"Kích hoạt trên app tại mục ""Phiếu Giảm Giá & Ưu Đãi""",Không yêu cầu đơn hàng tối thiểu,Khách hàng lần đầu đặt vé máy bay
agoda,Giảm 30% Đặt Chỗ Nửa Đêm,[0H - 3H] Ưu đãi Agoda giảm đến 30% khi đặt chỗ nghỉ lúc nửa đêm,31 Tháng 12 2024,Khách sạn chọn lọc,Không yêu cầu đơn hàng tối thiểu,Tất cả khách hàng
agoda,Giảm 5% Vé Máy Bay,[Trên App] Voucher Agoda giảm tới 5% đặt vé máy bay flash sale mỗi ngày,31 Tháng 12 2025,"Kích hoạt trên app tại mục ""Phiếu Giảm Giá & Ưu Đãi""",Không yêu cầu đơn hàng tối thiểu,Người dùng hiện tại
agoda,Đóng Góp $1 Cho WWF,Agoda quyên góp $1 mỗi đơn hàng cho tổ chức bảo tồn thiên nhiên WWF,03 Tháng 12 2024,---,Không yêu cầu đơn hàng tối thiểu,Tất cả khách hàng
agoda,Giảm 15% EVA Air,Agoda khuyến mãi giảm giá đến 15% đặt vé máy bay EVA Air,31 Tháng 12 2024,"Áp dụng cho đường bay đi Đài Loan, Nhật Bản, Hàn Quốc, Úc & Châu Âu",Không yêu cầu đơn hàng tối thiểu,Tất cả khách hàng
agoda,Giảm 8% Mọi Khách Sạn,Mã khuyến mãi Agoda 8% lên đến 1 Triệu đơn hàng từ 2.8 Triệu,31 Tháng 12 2025,Tối đa 1 Triệu,2.8 Triệu,Người dùng hiện tại
agoda,Giảm 8% Dùng Ngay,[Trên App] Mã giảm giá Agoda lên đến 8% đặt phòng từ 3 Triệu,31 Tháng 12 2024,"Nhập mã tại phần ""Ưu đãi"" trên app để thu thập",3 Triệu,Tất cả khách hàng
agoda,Giảm 30% Khách Sạn Quốc Tế,Ưu đãi Agoda giảm giá tới 30% đặt khách sạn quốc tế toàn cầu,31 Tháng 12 2024,Áp dụng cho khách sạn quốc tế,Không yêu cầu đơn hàng tối thiểu,Tất cả khách hàng
ahamove,Giảm 15% Đơn Siêu tốc - Tiết kiệm,Mã giảm giá Ahamove 15% đến 15K đơn Siêu tốc - Tiết kiệm đầu tiên,31 Tháng 12 2024,Áp dụng cho 2 đơn hàng đầu tiên sử dụng dịch vụ giao hàng Siêu tốc - Tiết kiệm,Không yêu cầu đơn hàng tối thiểu,Người dùng hiện tại
ahamove,Giảm 10% Dịch Vụ Xe Máy,Mã khuyến mại Ahamove 10% tối đa 50K mọi đơn dịch vụ xe máy,30 Tháng 11 2024,Áp dụng vào thứ 2 & thứ 6 hàng tuần,BIGDAY10,Tất cả khách hàng
ahamove,Giảm 5K Đơn Xe Máy - ShopeePay,[ShopeePay] Mã giảm giá Ahamove 5K đơn hàng xe máy từ 30K,24 Tháng 11 2024,Áp dụng cho dịch vụ giao hàng bằng xe máy,30K,Khách hàng thanh toán bằng ShopeePay
ahamove,Giảm 50% Đơn Xe Máy - ZaloPay,[ZaloPay] Mã khuyến mại Ahamove 50% tối đa 10K cho đơn xe máy,30 Tháng 11 2024,Áp dụng cho các dịch vụ giao hàng bằng xe máy,Không yêu cầu đơn hàng tối thiểu,Khách hàng lần đầu thanh toán bằng ZaloPay
ahamove,Giảm 10% Dịch Vụ Siêu Tốc - Tiết Kiệm,Mã giảm giá Ahamove 10% đến 15K đơn Siêu tốc - Tiết kiệm từ 35K,31 Tháng 12 2024,Tối đa 15K,35K,Người dùng hiện tại
ahamove,Giảm 7% Đơn Xe 03-04 Bánh & Bốc Xếp,Mã khuyến mãi Ahamove 7% tối đa 100K đơn xe 03-04 bánh kèm bốc xếp,30 Tháng 11 2024,Áp dụng cho đơn hàng có sử dụng dịch vụ bốc xếp/phí chờ của xe tải Ahamove,Không yêu cầu đơn hàng tối thiểu,Người dùng hiện tại
ahamove,Giảm 10% Đơn Hàng Đa Điểm,Mã giảm giá Ahamove 10% tối đa 10K cho đơn hàng có từ 2 điểm dừng,31 Tháng 12 2024,Áp dụng cho đơn hàng có từ 2 điểm dừng trở lên (dịch vụ giao hàng Siêu tốc),Không yêu cầu đơn hàng tối thiểu,Người dùng hiện tại
ahamove,Giảm 8% Dịch Vụ 6H,Mã khuyến mãi Ahamove 8% tối đa 10K đơn xe van-tải dịch vụ 6H,30 Tháng 11 2024,Áp dụng cho 5 đơn xe van-tải dịch vụ 6H,Không yêu cầu đơn hàng tối thiểu,Người dùng hiện tại
ahamove,Giảm 7% Dịch Vụ Siêu Tốc,Mã khuyến mãi Ahamove 7% lên đến 10K đơn dịch vụ Siêu Tốc,31 Tháng 12 2024,Tối đa 03 lần/ngày,Không yêu cầu đơn hàng tối thiểu,Người dùng hiện tại
ahamove,Giảm 25% Tất Cả Dịch Vụ,[Sale 20.11] Mã giảm giá Ahamove 25% tối đa 50K khi hoàn thành 5 đơn,20 Tháng 11 2024,Áp dụng khi hoàn thành 5 đơn mỗi ngày,Không yêu cầu đơn hàng tối thiểu,Tất cả khách hàng
ahamove,Giảm 15% Mọi Dịch Vụ,[Sale 20.11] Mã khuyến mãi Ahamove 15% tối đa 50K khi hoàn thành 2 đơn,20 Tháng 11 2024,Áp dụng khi hoàn thành 2 đơn mỗi ngày,Không yêu cầu đơn hàng tối thiểu,Tất cả khách hàng
ahamove,Giảm 50% Xe Tải Tiết Kiệm,Mã khuyến mại Ahamove giảm 50% cho 2 đơn xe tải tiết kiệm đầu tiên,31 Tháng 12 2024,Tối đa 50K,Không yêu cầu đơn hàng tối thiểu,Tất cả khách hàng
ahamove,Giảm 50% Đơn Giao Hàng Cồng Kềnh,Mã giảm giá Ahamove 50% tối đa 20K cho đơn hàng cồng kềnh đầu tiên,30 Tháng 11 2024,Áp dụng cho đơn hàng đầu tiên sử dụng dịch vụ Giao hàng cồng kềnh,Không yêu cầu đơn hàng tối thiểu,Tất cả khách hàng
ahamove,Đơn Xe 03-04 Bánh Đồng Giá 99K,Mã khuyến mãi Ahamove đồng giá 99K cho đơn xe 03-04 bánh đầu tiên,01 Tháng 1 2025,Giảm tối đa 50K,Không yêu cầu đơn hàng tối thiểu,Tất cả khách hàng
ahamove,Giảm 10% Giao Hàng Liên Tỉnh Hoả Tốc,Mã khuyến mãi Ahamove 10% tối đa 50K cho đơn Giao hàng liên tỉnh hoả tốc,31 Tháng 12 2024,Tối đa 50K,Không yêu cầu đơn hàng tối thiểu,Tất cả khách hàng
ahamove,Giảm 10% Giao Hàng Cồng Kềnh,Mã giảm giá Ahamove 10% tối đa 20K cho dịch vụ Giao hàng cồng kềnh,30 Tháng 11 2024,"Chỉ áp dụng cho đơn hàng sử dụng dịch vụ ""Giao hàng cồng kềnh"" & tối đa 3 lần/ngày",Không yêu cầu đơn hàng tối thiểu,Tất cả khách hàng
ahamove,Giảm 5% Đơn Xe 03-04 Bánh,Mã giảm giá Ahamove 5% tối đa 20K dịch vụ xe 03-04 bánh,30 Tháng 11 2024,Áp dụng lúc 7H - 15H hàng ngày cho 5 đơn dịch vụ xe 03-04 bánh,Không yêu cầu đơn hàng tối thiểu,Người dùng hiện tại
ahamove,Giảm 70K Đơn Xe 03-04 Bánh,[Khách mới] Mã khuyến mãi Ahamove giảm 70K đơn xe 03-04 bánh,31 Tháng 12 2024,Áp dụng cho đơn xe 03-04 bánh,Không yêu cầu đơn hàng tối thiểu,Khách hàng mới
ahamove,Đồng Giá 10K - Khách Mới,[Khách mới] Mã giảm giá Ahamove đồng giá 10K cho 3 đơn đầu tiên,31 Tháng 12 2024,Áp dụng cho dịch vụ giao hàng bằng xe máy,Không yêu cầu đơn hàng tối thiểu,Khách hàng mới
ahamove,Giảm 50% Siêu tốc Tiết kiệm - Khách Mới,[Khách mới] Mã giảm giá Ahamove 50% đến 20K đơn Siêu tốc - Tiết kiệm,31 Tháng 12 2024,Áp dụng cho 3 đơn Siêu tốc - Tiết kiệm đầu tiên & tối đa 20K/đơn,Không yêu cầu đơn hàng tối thiểu,Khách hàng mới
ahamove,Đồng Giá 10K Hồ Chí Minh,[Khách mới] Mã ưu đãi Ahamove đồng giá 10K đơn xe máy ở Hồ Chí Minh,31 Tháng 12 2024,---,Không yêu cầu đơn hàng tối thiểu,Khách hàng mới
ahamove,Giảm 15K Hội Viên Vàng,Tặng voucher Ahamove giảm 15K đơn giao hàng cho hội viên Vàng,31 Tháng 12 2024,Áp dụng cho dịch vụ giao hàng bằng xe máy tại Hồ Chí Minh,---,Khách hàng là hội viên vàng Ahamove
ahamove,Gói Hội Viên Chào Mừng 1K,[Khách mới] Ưu mãi Ahamove chỉ 1K mua gói hội viên chào mừng,31 Tháng 12 2024,---,---,Khách hàng lần đầu sử dụng dịch vụ Ahamove
ahamove,Tặng Combo 450K Giới Thiệu Bạn Mới,Khuyến mại Ahamove tặng combo quà trị giá 450K khi giới thiệu bạn mới,31 Tháng 12 2024,---,---,Bạn thân & bạn mới
bamboo-airways,Giảm 20% Bay Quốc Tế,[22H - 2H] Mã giảm giá Bamboo Airways lên đến 20% vé máy bay quốc tế,31 Tháng 12 2024,Áp dụng lúc 22H - 02H từ thứ 6 - chủ nhật hàng tuần,Không yêu cầu đơn hàng tối thiểu,Tất cả khách hàng
bamboo-airways,Giảm 8% Bay Nội Địa,[22H - 2H] Mã giảm giá Bamboo Airways 8% đặt vé máy bay nội địa,31 Tháng 12 2024,Áp dụng lúc 22H - 02H từ thứ 6 - chủ nhật hàng tuần,Không giới hạn đơn hàng,Người dùng hiện tại
bamboo-airways,Giảm 8% Vé Máy Bay,[6H - 9H] Mã khuyến mãi Bamboo Airways giảm 8% đặt vé máy bay cuối tuần,26 Tháng 12 2024,Áp dụng vào thứ 7 - chủ nhật lúc 6H - 9H,Không yêu cầu đơn hàng tối thiểu,Người dùng hiện tại
bamboo-airways,Giảm 5% Bamboo Club,Voucher Bamboo Airways giảm 5% giá vé cho hội viên Bamboo Club,31 Tháng 12 2024,Voucher được áp dụng tự động cho hội viên Bamboo Club khi đặt mua,Không yêu cầu đơn hàng tối thiểu,Người dùng hiện tại
bamboo-airways,Giảm 15% Vé Hạng Business,Voucher Bamboo Airways giảm giá 15% đặt vé máy bay Business,31 Tháng 12 2024,Áp dụng cho hội viên Bamboo Club khi đặt hạng vé Business Smart/Business Flex tối đa 4 khách,Không yêu cầu đơn hàng tối thiểu,Người dùng hiện tại
bamboo-airways,Giảm 500K Vé Business Lần Sau,Voucher Bamboo Airways giảm 500K lần mua vé hạng Business tiếp theo,31 Tháng 12 2024,Áp dụng cho hội viên Bamboo Club khi đặt hạng vé Business Smart/Business Flex tối đa 4 khách,Không yêu cầu đơn hàng tối thiểu,Người dùng hiện tại
bamboo-airways,Giảm 30K - VNPAY,[VNPAY] Mã giảm giá Bamboo Airways 30K đặt vé máy bay từ 500K,31 Tháng 12 2024,Áp dụng 1 lần,500K,Khách hàng thanh toán bằng VNPAY
bamboo-airways,Giảm 40% Bamboo Holidays,Ưu đãi Bamboo Airways giảm tới 40% gói vé máy bay & khách sạn Holidays,31 Tháng 12 2024,---,Không yêu cầu đơn hàng tối thiểu,Tất cả khách hàng
bamboo-airways,Giảm 35% Đặt Khách Sạn,Khuyến mãi Bamboo Airways giảm đến 35% đặt khách sạn tại Holidays,31 Tháng 12 2024,---,Không yêu cầu đơn hàng tối thiểu,Tất cả khách hàng
bamboo-airways,Bay Đi Thái Lan Từ 1.09 Triệu,Ưu đãi Bamboo Airways giá chỉ từ 1.09 Triệu vé máy bay đi Thái Lan,15 Tháng 12 2024,"Giá vé đã bao gồm thuế, phí & 20kg hành lý ký gửi",Không yêu cầu đơn hàng tối thiểu,Tất cả khách hàng
bamboo-airways,Giảm 15% Chỗ Ngồi Bay Nội Địa,Mã giảm giá Bamboo Airways 15% dịch vụ chọn ghế ngồi bay nội địa,21 Tháng 11 2024,Áp dụng cho mọi hành trình nội địa,Không yêu cầu đơn hàng tối thiểu,Tất cả khách hàng
bamboo-airways,Giảm 50% Hành Lý Đi Bangkok,Mã khuyến mãi Bamboo Airways giảm 50% mua hành lý kí gửi đi Bangkok,13 Tháng 12 2024,Áp dụng cho chặng bay Hồ Chí Minh - Bangkok và ngược lại,Không yêu cầu đơn hàng tối thiểu,Tất cả khách hàng
bamboo-airways,Hành Lý Nội Địa Từ 130K,Ưu đãi Bamboo Airways mua thêm hành lý ký gửi từ 130K bay nội địa,31 Tháng 12 2024,Áp dụng cho các chuyến bay nội địa,Không yêu cầu đơn hàng tối thiểu,Tất cả khách hàng
bamboo-airways,Tặng 1000 Điểm Thưởng Bay Đi Bangkok,Bamboo Airways khuyến mãi tặng 1000 điểm thưởng đặt vé máy bay đi Bangkok,03 Tháng 12 2024,Áp dụng cho đường bay Hồ Chí Minh (SGN) - Bangkok (DMK) và ngược lại,Không yêu cầu đơn hàng tối thiểu,Khách hàng là hội viên Bamboo Club
bamboo-airways,Giảm 38% Chọn Chỗ Ngồi Bay Đi Bangkok,Ưu đãi Bamboo Airways giảm 38% chọn trước chỗ ngồi bay đi Bangkok,26 Tháng 12 2024,Áp dụng cho đường bay Hồ Chí Minh (SGN) - Bangkok (DMK) và ngược lại,Không yêu cầu đơn hàng tối thiểu,Khách hàng là hội viên Bamboo Club
bamboo-airways,Bay Đi Thái Lan Từ 1.8 Triệu,Vé máy bay đi Thái Lan chỉ từ 1.8 Triệu với ưu đãi Bamboo Airways,31 Tháng 12 2024,---,Không yêu cầu đơn hàng tối thiểu,Tất cả khách hàng
bamboo-airways,Bay Đi Vinh Từ 1.09 Triệu,Khuyến mãi Bamboo Airways chỉ từ 1.09 Triệu săn vé máy bay đi Vinh,31 Tháng 12 2024,---,Không yêu cầu đơn hàng tối thiểu,Tất cả khách hàng
bamboo-airways,Bay Đi Phú Quốc Từ 1.34 Triệu,Bamboo Airways khuyến mãi chỉ từ 1.34 Triệu vé máy bay đến Phú Quốc,31 Tháng 12 2024,---,Không yêu cầu đơn hàng tối thiểu,Tất cả khách hàng
bamboo-airways,Bay Đi Hải Phòng Từ 1.5 Triệu,Ưu đãi Bamboo Airways giá chỉ từ 1.5 Triệu vé máy bay đi Hải Phòng,31 Tháng 12 2024,---,Không yêu cầu đơn hàng tối thiểu,Tất cả khách hàng
bamboo-airways,Bay Đi Đà Lạt Từ 767K,Bamboo Airways khuyến mãi giá từ 767K đặt vé máy bay đi Đà Lạt,31 Tháng 12 2024,---,---,Tất cả khách hàng
bamboo-airways,Bay Đi Hồ Chí Minh Từ 691K,Ưu đãi Bamboo Airways chỉ từ 691K vé máy bay đi Hồ Chí Minh,31 Tháng 12 2024,---,---,Tất cả khách hàng
bamboo-airways,Bay ĐI Hà Nội Từ 982K,Khuyến mãi Bamboo Airways chỉ từ 982K vé máy bay đi Hà Nội,31 Tháng 12 2024,---,---,Tất cả khách hàng
bamboo-airways,Bay Đi Quy Nhơn Từ 954K,Vé máy bay đi Quy Nhơn: Bamboo Airways ưu đãi giá từ 954K,31 Tháng 12 2024,---,---,Tất cả khách hàng
bamboo-airways,Bay Đi Nha Trang Từ 637K,Bamboo Airways khuyến mãi giá từ 637K vé máy bay đến Nha Trang,31 Tháng 12 2024,---,---,Tất cả khách hàng
bamboo-airways,Bay Đi Đà Nẵng Từ 799K,Khuyến mãi Bamboo Airways chỉ từ 799K mua vé máy bay Đà Nẵng,31 Tháng 12 2024,---,---,Tất cả khách hàng
bamboo-airways,Vé Máy Bay Tết Từ 627K,Bamboo Airways khuyến mãi giá từ 627K đặt vé máy bay Tết 2025,31 Tháng 1 2025,---,---,Tất cả khách hàng
bamboo-airways,Nhận Voucher 80K,Nhận voucher Bamboo Airways 80K khi mua vé kèm bảo hiểm du lịch,15 Tháng 12 2024,Áp dụng khi mua vé máy bay trực tuyến kèm theo bảo hiểm BambooCARE,Không yêu cầu đơn hàng tối thiểu,Tất cả khách hàng
bamboo-airways,Nâng Hạng Vé Từ 1.2 Triệu,Bamboo Airways khuyến mãi chỉ từ 1.2 Triệu nâng hạng vé Thương gia,31 Tháng 12 2025,---,Không yêu cầu đơn hàng tối thiểu,Tất cả khách hàng
bamboo-airways,Bảo Hiểm Du Lịch Từ 61K,Ưu đãi Bamboo Airways từ 61K mua gói bảo hiểm du lịch BambooCARE,31 Tháng 12 2025,Áp dụng khi nâng lên hạng Thương gia (hạng Business),---,Tất cả khách hàng
bamboo-airways,Chọn Chỗ Ngồi Từ 45K,Bamboo Airways khuyến mãi chỉ từ 45K chọn trước chỗ ngồi yêu thích,31 Tháng 12 2025,---,---,Tất cả khách hàng
bamboo-airways,Phòng Chờ Thương Gia Từ 400K,Khuyến mãi Bamboo Airways chỉ từ 400K dịch vụ phòng chờ Thương gia,31 Tháng 12 2024,Áp dụng cho tất cả các đường bay nội địa Bamboo Airways,Không yêu cầu đơn hàng tối thiểu,Tất cả khách hàng
bamboo-airways,Combo Ăn Uống Từ 55K,Ưu đãi Bamboo Airways giá chỉ từ 55K combo món nóng và đồ uống,31 Tháng 12 2025,---,Không yêu cầu đơn hàng tối thiểu,Tất cả khách hàng
bamboo-airways,Vận Chuyển Động Vật Cảnh Từ 3.3 Triệu,Ưu đãi Bamboo Airways giá từ 3.3 Triệu dịch vụ vận chuyển động vật cảnh,31 Tháng 12 2024,Áp dụng khi đặt tối thiểu 03 giờ trước giờ khởi hành trên các chuyến bay nội địa,12K,Tất cả khách hàng
bamboo-airways,Thẻ Quà Tặng Chỉ 500K,Khuyến mãi Bamboo Airways chỉ từ 500K mua voucher thẻ quà tặng Bamboo,31 Tháng 12 2024,---,---,Tất cả khách hàng
bamboo-airways,Giảm 10% Điểm Bamboo Club,Ưu đãi Bamboo Airways giảm giá đến 10% mua điểm xét hạng Bamboo Club,31 Tháng 12 2024,"Áp dụng khi mua hạng vé Bamboo Economy, Bamboo Premium có nhu cầu sử dụng phòng chờ thương gia",Không yêu cầu đơn hàng tối thiểu,Khách hàng hội viên của Bamboo Club
bamboo-airways,Hành Lý Kí Gửi Từ 130K,Bamboo Airways khuyến mãi chỉ từ 130K khi mua thêm hành lý kí gửi,31 Tháng 12 2025,---,---,Tất cả khách hàng
bamboo-airways,Giảm 85% Vé Cho Người Cao Tuổi,Khuyến mãi Bamboo Airways giảm đến 85% vé đặc biệt cho người cao tuổi,31 Tháng 12 2024,---,---,Hành khách cao tuổi
be,Giảm 25% Dịch Vụ beBike,Mã giảm giá BE 25% tối đa 25K cho chuyến xe máy beBike,31 Tháng 12 2024,Áp dụng lúc 6H - 23H,Không yêu cầu đơn hàng tối thiểu,Người dùng hiện tại
be,Giảm 15% Chuyến Xe beCar,Voucher BE giảm đến 15% tối đa 30K cho chuyến xe beCar,31 Tháng 12 2024,Giảm 10% tối đa 50K cho chuyến đi từ 0 - 5km; Giảm 15% tối đa 50K cho chuyến đi từ 5 - 12km; Giảm 20% tối đa 50K cho chuyến đi trên 12km,Không yêu cầu đơn hàng tối thiểu,Người dùng hiện tại
be,Giảm 15% beCar Thuê 4H/Thuê 8H,Voucher BE giảm giá 15% tối đa 100K dịch vụ beCar Thuê 4H/Thuê 8H,31 Tháng 12 2024,Áp dụng tại khu vực Hồ Chí Minh & tối đa 100K,Không yêu cầu đơn hàng tối thiểu,Người dùng hiện tại
be,Giảm 15% beCar/beBike Plus,Voucher BE giảm đến 15% tối đa 50K dịch vụ cao cấp beCar/beBike Plus,31 Tháng 12 2024,Áp dụng lúc 6H - 23H tại Hồ Chí Minh,Không yêu cầu đơn hàng tối thiểu,Người dùng hiện tại
be,Giảm 25% beDelivery,Voucher BE 25% tối đa 30K cho mọi đơn hàng giao nhận beDelivery,31 Tháng 12 2024,Tối đa 30K,Không yêu cầu đơn hàng tối thiểu,Người dùng hiện tại
be,Giảm 50% Di Chuyển - VISA,[VISA] Voucher BE giảm 50% lên đến 20K mọi dịch vụ di chuyển,31 Tháng 12 2024,Tối đa 20K,Không yêu cầu đơn hàng tối thiểu,Khách hàng thanh toán bằng thẻ VISA
be,Giảm 50% Di Chuyển - Nam Á Bank,[Nam Á Bank] Voucher BE giảm 50% tối đa 20K dịch vụ di chuyển,10 Tháng 5 2025,Tối đa 20K,Không yêu cầu đơn hàng tối thiểu,Khách hàng thanh toán bằng thẻ Nam Á Bank JCB
be,Giảm 50% Di Chuyển - ZaloPay,[ZaloPay] Voucher BE giảm 50% tối đa 10K dịch vụ di chuyển,31 Tháng 12 2024,Tối đa 10K,30K,Khách hàng thanh toán bằng ZaloPay
be,Giảm 15K beFood - VPBank,[VPBank] Voucher BE giảm giá 15K đặt đồ ăn beFood từ 30K,14 Tháng 12 2024,---,30K,Khách hàng thanh toán bằng VPBank NEO
be,Giảm 20% beBike - VPBank,[VPBank] Coupon BE giảm 20% tối đa 50K dịch vụ di chuyển beBike,14 Tháng 12 2024,Tối đa 50K,Không yêu cầu đơn hàng tối thiểu,Khách hàng thanh toán bằng VPBank NEO
be,Giảm 20% Di Chuyển - Momo,[Momo] Voucher BE giảm 20% tối đa 50K mọi dịch vụ di chuyển,30 Tháng 11 2024,Tối đa 50K,Không yêu cầu đơn hàng tối thiểu,Khách hàng thanh toán bằng ví Momo
be,Giảm 40K beFood - Nam Á Bank,[Nam Á Bank] Voucher BE giảm giá 40K đặt đồ ăn beFood từ 100K,10 Tháng 5 2025,---,100K,Khách hàng thanh toán bằng thẻ Nam Á Bank JCB
be,Giảm 50% beDelivery - Nam Á Bank,[Nam Á Bank] Voucher BE giảm giá 50% cho đơn giao hàng beDelivery,10 Tháng 5 2025,Tối đa 20K,Không yêu cầu đơn hàng tối thiểu,Khách hàng thanh toán bằng thẻ Nam Á Bank JCB
be,Giảm 30K beDelivery - Muadee,[Muadee] Voucher BE giảm 30K cho đơn giao hàng beDelivery,01 Tháng 12 2024,---,Không yêu cầu đơn hàng tối thiểu,Khách hàng lần đầu thanh toán bằng thẻ Muadee
be,Giảm 10K beDelivery - KBank,[KBank] Voucher BE giảm giá 10K dịch vụ giao hàng beDelivery từ 30K,30 Tháng 11 2024,---,30K,Khách hàng thanh toán bằng thẻ KBank Visa
be,Giảm 50% beFood - HomePayLater,[HomePayLater] Voucher BE giảm 50% tối đa 40K đặt đồ ăn beFood,31 Tháng 12 2024,Tối đa 40K,Không yêu cầu đơn hàng tối thiểu,Khách hàng thanh toán bằng HomePayLater
be,Giảm 2K beFood - ApplePay,[ApplePay] Voucher BE ưu đãi giảm 2K mọi đơn đồ ăn beFood,30 Tháng 11 2024,---,Không yêu cầu đơn hàng tối thiểu,Khách hàng thanh toán bằng ApplePay
be,Giảm 25% beDelivery - ApplePay,[ApplePay] Voucher BE 25% tối đa 30K đơn giao hàng beDelivery,30 Tháng 11 2024,Tối đa 30K,Không yêu cầu đơn hàng tối thiểu,Khách hàng thanh toán bằng ApplePay
be,Giảm 23% beBike - ApplePay,[ApplePay] Voucher BE giảm 23% tối đa 30K cho dịch vụ beBike,30 Tháng 11 2024,Tối đa 30K,Không yêu cầu đơn hàng tối thiểu,Khách hàng thanh toán bằng ApplePay
be,Giảm 20K beCar - VPBank,[VPBank] Voucher BE ưu đãi 20K dịch vụ beCar/beTaxi từ 80K,30 Tháng 11 2024,---,80K,Khách hàng thanh toán bằng thẻ tín dụng VPBank
be,Giảm 15K beBike - VPBank,[VPBank] Voucher BE giảm giá 15K chuyến xe beBike từ 45K,30 Tháng 11 2024,---,45K,Khách hàng thanh toán bằng thẻ tín dụng VPBank
be,Giảm 10K Di Chuyển - ShopeePay,[ShopeePay] Voucher BE giảm giá 10K đặt chuyến xe từ 30K,31 Tháng 12 2024,Áp dụng cho dịch vụ beBike/beCar/beTaxi,30K,Khách hàng thanh toán bằng ShopeePay
be,Giảm 30% Di Chuyển - Techcombank,[Techcombank] Voucher BE giảm 30% đến 50K đặt xe beBike/beCar,30 Tháng 11 2024,Tối đa 50K,Không yêu cầu đơn hàng tối thiểu,Khách hàng thanh toán bằng thẻ Techcombank
be,Giảm 25K Di Chuyển - KBank,[KBank] Voucher BE giảm đến 25K cho mọi dịch vụ di chuyển,30 Tháng 11 2024,---,30K,Khách hàng thanh toán bằng thẻ KBank (đầu BIN 455372)
be,Giảm 50% beDelivery - VISA,[VISA] Voucher BE giảm 50% tối đa 15K đơn giao hàng beDelivery/2H,31 Tháng 12 2024,Tối đa 15K,Không yêu cầu đơn hàng tối thiểu,Khách hàng thanh toán bằng thẻ VISA
be,Giảm 50% beFood - VISA,[VISA] Voucher BE giảm 50% tối đa 35K cho đơn hàng beFood,31 Tháng 12 2024,Tối đa 35K,Không yêu cầu đơn hàng tối thiểu,Khách hàng thanh toán bằng thẻ VISA Doanh Nghiệp (Visa Business)
be,Giảm 15% beFood - ZaloPay,[ZaloPay] Voucher BE giảm giá 15% tối đa 10K đơn đồ ăn beFood,31 Tháng 12 2024,Tối đa 10K,Không yêu cầu đơn hàng tối thiểu,Khách hàng thanh toán bằng ZaloPay
be,Giảm 20K Di Chuyển - HD Saison,[HD Saison] Voucher BE giảm đến 20K cho mọi dịch vụ di chuyển,20 Tháng 11 2024,---,30K,Khách hàng thanh toán bằng thẻ HD Saison (đầu BIN 483977)
be,Giảm 30K beFood - HD Saison,[HD Saison] Voucher BE giảm 30K đặt đơn đồ ăn beFood từ 100K,20 Tháng 11 2024,---,100K,Khách hàng thanh toán bằng thẻ HD Saison (đầu BIN 483977)
be,Giảm 25K beCar - LPBank,[LPBank] Voucher BE giảm 25K cho chuyến beCar từ 50K,31 Tháng 12 2024,---,50K,Khách hàng thanh toán bằng thẻ LPBank
be,Giảm 15K beBike - LPBank,[LPBank] Voucher BE giảm giá 15K dịch vụ beBike từ 30K,31 Tháng 12 2024,---,30K,Khách hàng thanh toán bằng thẻ LPBank
be,Giảm 25% beCar/beBike - ShopeePay,[ShopeePay] Mã ưu đãi BE giảm 25% tối đa 50K cho xe beCar/beBike,31 Tháng 12 2024,Tối đa 50K,Không yêu cầu đơn hàng tối thiểu,Khách hàng thanh toán bằng ShopeePay
be,Giảm 20K beFood - ShopeePay,[ShopeePay] Mã khuyến mãi BE 20K đặt đồ ăn beFood từ 85K,31 Tháng 12 2024,---,85K,Khách hàng thanh toán bằng ShopeePay
be,Giảm 25K beCar/beTaxi - OCB,[OCB] Voucher BE giảm 25K cho dịch vụ beCar/beTaxi từ 50K,31 Tháng 1 2025,Áp dụng cho dịch vụ beCar/beTaxi/beBike,50K,Khách hàng thanh toán bằng thẻ OCB
be,Giảm 150K Sân Bay - HSBC,[HSBC] Voucher BE 150K chuyến beCar/beTaxi/beAirport/XanhSM đi sân bay,30 Tháng 4 2025,"Áp dụng cho điểm đón/trả tại sân bay Nội Bài, Tân Sơn Nhất, Đà Nẵng",Không yêu cầu đơn hàng tối thiểu,Khách hàng thanh toán bằng thẻ HSBC (đầu BIN 546022)
be,Giảm 50% beFood - VISA,[VISA] Voucher BE giảm 50% tối đa 35K cho đơn hàng beFood,31 Tháng 12 2024,Tối đa 35K,Không yêu cầu đơn hàng tối thiểu,Khách hàng thanh toán bằng thẻ VISA
be,Giảm 18% beBike,[Sale 20.11] Voucher BE giảm giá 18% tối đa 50K dịch vụ xe máy beBike,20 Tháng 11 2024,Tối đa 50K,Không yêu cầu đơn hàng tối thiểu,Tất cả khách hàng
be,Giảm 25% Đồ Ăn Sài Gòn,Mã giảm giá BE 25% đến 50K đặt đồ ăn Sài Gòn trên beFood,30 Tháng 11 2024,Nhà hàng chọn lọc tại Sài Gòn,Không yêu cầu đơn hàng tối thiểu,Tất cả khách hàng
be,Giảm 100K beGiúpviệc,Voucher BE giảm đến 100K dịch vụ giúp việc beGiúpviệc,31 Tháng 12 2024,"Áp dụng cho các gói 2 giờ, 3 giờ và 4 giờ",Không yêu cầu đơn hàng tối thiểu,Tất cả khách hàng
be,Giảm 20% beFood,Mã khuyến mãi BE giảm 20% tối đa 50K mọi đơn hàng beFood,28 Tháng 11 2024,Tối đa 50K,Không yêu cầu đơn hàng tối thiểu,Tất cả khách hàng
be,Giảm 25% beFood,Mã giảm giá BE 25% tối đa 50K nhà hàng nổi bật tại beFood,25 Tháng 11 2024,Nhà hàng chọn lọc tại Hà Nội,Không yêu cầu đơn hàng tối thiểu,Tất cả khách hàng
be,Giảm 5K Combo Pepsi,Săn voucher BE giảm 5K combo đồ ăn kèm Pepsi tại beFood,31 Tháng 12 2024,Cửa hàng chọn lọc,Không yêu cầu đơn hàng tối thiểu,Tất cả khách hàng
be,Giảm 100K Vé Máy Bay Tết,Voucher BE giảm 100K mua vé máy bay nội địa đón Tết 2025,31 Tháng 12 2024,Áp dụng khi mua từ 2 vé,Không yêu cầu đơn hàng tối thiểu,Tất cả khách hàng
be,Giảm 20% Cửa Hàng FPT Shop,Voucher BE giảm giá 20% tối đa 50K đặt xe đến cửa hàng FPT Shop,31 Tháng 12 2024,Áp dụng cho điểm đón/trả tại cửa hàng FPT Shop toàn quốc,Không yêu cầu đơn hàng tối thiểu,Tất cả khách hàng
be,Giảm 20% Cửa Hàng Samsung,Nhận voucher BE giảm 20% đến 50K di chuyển đến cửa hàng Samsung,31 Tháng 12 2024,Áp dụng cho điểm đón/trả tại cửa hàng Samsung bất kì,Không yêu cầu đơn hàng tối thiểu,Tất cả khách hàng
be,Giảm 500K Vé Tàu Hỏa,Khuyến mãi BE giảm đến 500K khi mua vé tàu hỏa,31 Tháng 12 2024,---,Không yêu cầu đơn hàng tối thiểu,Tất cả khách hàng
be,Freeship Giảm 15K Đơn beFood Nhóm,Voucher freeship BE giảm 30K đơn nhóm beFood từ 170K,31 Tháng 12 2024,Áp dụng cho đơn nhóm,170K,Tất cả khách hàng
be,Freeship Giảm 17K beFood,Voucher BE freeship giảm 17K đặt đồ ăn trên beFood từ 85K,31 Tháng 12 2024,---,85K,Tất cả khách hàng
be,Giảm 50% Di Chuyển - Khách Mới,[Khách mới] Voucher BE 50% tối đa 50K cho chuyến xe đầu tiên,31 Tháng 12 2024,Tối đa 50K,Không yêu cầu đơn hàng tối thiểu,Khách hàng mới
be,Giảm 35% beFood - Khách Mới,[Khách mới] Voucher BE 35% tối đa 25K cho đơn beFood đầu tiên,31 Tháng 12 2024,---,Không yêu cầu đơn hàng tối thiểu,Khách hàng lần đầu đặt đơn beFood
be,Giảm 6% Vé Máy Bay - Khách Mới,[Khách mới] Voucher BE giảm 6% tối đa 100K lần đầu đặt vé máy bay,31 Tháng 12 2024,---,1.5 Triệu,Khách hàng lần đầu đặt vé máy bay trên BE
be,Combo Quà 500K Khi Giới Thiệu,Nhận gói quà ưu đãi BE 500K khi giới thiệu bạn mới tham gia,31 Tháng 12 2025,---,---,Người giới thiệu & bạn mới
be,Giảm 20% Ga Tàu Hoả,Voucher BE giảm đến 20% đặt xe beBike/beCar đi đến nhà ga tàu hỏa,31 Tháng 12 2024,Áp dụng cho điểm đón/trả tại các nhà ga tàu hỏa,Không yêu cầu đơn hàng tối thiểu,Tất cả khách hàng
bitis,Giảm 40K Mọi Sản Phẩm,Mã giảm giá Biti's 40K cho đơn hàng từ 399K săn sale ngay,30 Tháng 11 2024,Chỉ áp dụng khi mua tại website,399K,Tất cả khách hàng
bitis,Giảm 80K Toàn Shop,Mã khuyến mãi Biti's giảm 80K cho hóa đơn từ 699K,30 Tháng 11 2024,Chỉ áp dụng khi mua tại website,699K,Người dùng hiện tại
bitis,Giảm 120K Tất Cả Sản Phẩm,Mã giảm giá Biti's 120K đơn hàng từ 999K dùng ngay,30 Tháng 11 2024,Chỉ áp dụng khi mua tại website,999K,Người dùng hiện tại
bitis,Freeship Đồng Giá 9K,[Tháng 11] Voucher freeship Biti's đồng giá 9K cho mọi đơn hàng,30 Tháng 11 2024,---,Không yêu cầu đơn hàng tối thiểu,Tất cả khách hàng
bitis,Giảm 10K - VNPAY,[VNPAY] Mã giảm giá Biti's 10K cho đơn hàng từ 300K,31 Tháng 12 2024,---,300K,Khách hàng thanh toán bằng VNPAY
bitis,Giảm 5% - Kredivo,[Kredivo] Voucher Biti's giảm giá 5% tối đa 500K đơn từ 700K,31 Tháng 12 2024,Áp dụng kì hạn 6 tháng và 12 tháng,700K,Khách hàng thanh toán trả góp bằng Kredivo
bitis,Giảm 20K - VNPAY,[VNPAY] Mã khuyến mãi Biti's giảm 20K cho đơn từ 700K,31 Tháng 12 2024,---,700K,Khách hàng thanh toán bằng VNPAY
bitis,Giảm 50K - VNPAY,[VNPAY] Mã giảm giá Biti's 50K khi mua sắm từ 1.3 Triệu,31 Tháng 12 2024,---,1.3 Triệu,Khách hàng thanh toán bằng VNPAY
bitis,Giảm 50% - Kredivo,[Kredivo] Voucher Biti's giảm 50% tối đa 100K cho đơn hàng đầu tiên,31 Tháng 12 2024,---,Không yêu cầu đơn hàng tối thiểu,Khách hàng lần đầu thanh toán qua Kredivo
bitis,Giảm 50% Giày Dép Thời Trang,[Tháng 11] Khuyến mãi Biti's giảm đến 50% sale deal giày dép hời,30 Tháng 11 2024,---,Không yêu cầu đơn hàng tối thiểu,Tất cả khách hàng
bitis,Giảm 50% Deal Thời Trang,[Black Friday] Biti's khuyến mãi giảm đến 50% săn deal thời trang,30 Tháng 11 2024,---,Không yêu cầu đơn hàng tối thiểu,Tất cả khách hàng
bitis,Miễn Phí Gói Hàng & Freeship 20.11,[Sale 20.11] Ưu đãi Biti's miễn phí gói hàng & giao hàng tri ân thầy cô,20 Tháng 11 2024,---,Không yêu cầu đơn hàng tối thiểu,Tất cả khách hàng
bitis,Giảm 10% Giày Tây Nam,Khuyến mãi Biti's giảm giá tới 10% giày tây nam trẻ trung,30 Tháng 11 2024,---,Không yêu cầu đơn hàng tối thiểu,Tất cả khách hàng
bitis,Charm Trang Trí 79K,Charm trang trí giày dép: Biti's giảm giá chỉ còn 79K,30 Tháng 11 2024,---,Không yêu cầu đơn hàng tối thiểu,Tất cả khách hàng
bitis,Giày Chạy Bộ Hunter Từ 1.237 Triệu,Ưu đãi Biti's đồng giá 1.237 Triệu giày chạy bộ Hunter,30 Tháng 11 2024,---,Không yêu cầu đơn hàng tối thiểu,Tất cả khách hàng
bitis,Giảm 30% Bali Trẻ Em,Balo trẻ em: Biti's khuyến mãi giảm đến 30% giá cực rẻ,30 Tháng 11 2024,---,Không yêu cầu đơn hàng tối thiểu,Tất cả khách hàng
bitis,Hàng Mới Về Từ 207K,Ưu đãi Biti's giảm giá chỉ từ 207K giày dép thời trang mới về,30 Tháng 11 2024,---,Không yêu cầu đơn hàng tối thiểu,Tất cả khách hàng
bitis,Top Bán Chạy Từ 138K,[Tháng 11] Top bán chạy: Biti's khuyến mãi giá từ 138K giày dép thời trang,30 Tháng 11 2024,---,Không yêu cầu đơn hàng tối thiểu,Tất cả khách hàng
bitis,Giày Tập Đi Từ 177K,BST Mầm: Ưu đãi Biti's đồng giá từ 177K giày tập đi cho bé cực rẻ,30 Tháng 11 2024,---,Không yêu cầu đơn hàng tối thiểu,Tất cả khách hàng
bitis,Giảm 10% Combo Giày & Charm,Ưu đãi Biti's giảm giá 10% combo giày & charm BST 3 Miền,30 Tháng 11 2024,---,Không yêu cầu đơn hàng tối thiểu,Tất cả khách hàng
bitis,Giày & Túi Gosto Từ 255K,BST giày & túi nữ Gosto: Biti's giảm giá chỉ từ 255K sale hot,31 Tháng 12 2024,---,---,Tất cả khách hàng
bitis,Giày Dép Biti's Hunter Từ 540K,Biti's khuyến mãi giá từ 540K giày dép Hunter thế hệ mới,31 Tháng 12 2025,---,Không yêu cầu đơn hàng tối thiểu,Tất cả khách hàng
bitis,Giày Biti's Hunter X Lite Dash Chỉ 1.05 Triệu,Biti's khuyến mãi giày thể thao Hunter X Lite Dash giá chỉ 1.05 Triệu,31 Tháng 12 2024,---,---,Tất cả khách hàng
bitis,Giảm 100K Tất Cả Sản Phẩm,[Khách mới] Voucher Biti's giảm 100K cho đơn hàng đầu tiên từ 699K,31 Tháng 12 2024,Chỉ áp dụng cho đơn hàng đầu tiên,699K,Khách hàng mới
bitis,Giảm 50% Giày Thể Thao Chọn Lọc,Biti's khuyến mãi giảm đến 50% giày thể thao chọn lọc,31 Tháng 12 2024,Sản phẩm chọn lọc,Không yêu cầu đơn hàng tối thiểu,Tất cả khách hàng
bitis,Giày Nữ Êmbrace Từ 388K,Giày Biti’s khuyến mãi chỉ từ 388K mua bộ sưu tập nữ Êmbrace giá rẻ,31 Tháng 12 2024,---,Không yêu cầu đơn hàng tối thiểu,Tất cả khách hàng
bitis,Balo & Túi Xách Từ 142K,Biti's khuyến mãi chỉ từ 142K sắm ngay deal balo & túi xách hot,31 Tháng 12 2024,---,---,Tất cả khách hàng
bitis,Tặng Mã Giảm Giá 15% Sinh Nhật,Tặng mã giảm giá Biti's 15% cho khách hàng thân thiết dịp sinh nhật,31 Tháng 12 2025,Nhận được mã giảm giá qua tin nhắn với số điện thoại dùng để đăng ký thành viên,Không yêu cầu đơn hàng tối thiểu,Khách hàng thân thiết Biti's
bitis,BST Go For Love Từ 732K,Biti's giảm giá chỉ 732K sale BST giày thể thao Go For Love 2K24,31 Tháng 12 2024,---,---,Tất cả khách hàng
bitis,Lót Đế Trẻ Em 559K,Khuyến mãi Biti's giác chỉ 559K lót đế định hình bàn chân bẹt trẻ em,31 Tháng 12 2024,---,---,Tất cả khách hàng
bitis,Freeship,Voucher Biti’s freeship cho hóa đơn giày dép từ 1.5 Triệu,31 Tháng 12 2024,Khuyến mãi không có điều kiện giới hạn,1.5 Triệu,Tất cả khách hàng
